INSERT INTO icinga_acknowledgements VALUES (101,2,'2010-06-11 11:27:10',577798,0,96,1,'guest','offline oder so',1,1,1);
INSERT INTO icinga_acknowledgements VALUES (102,2,'2010-06-15 08:49:27',29471,1,156,2,'guest','hgjhk',0,0,0);
INSERT INTO icinga_acknowledgements VALUES (103,2,'2010-06-15 08:49:27',29471,1,155,2,'guest','hgjhk',0,0,0);
INSERT INTO icinga_acknowledgements VALUES (104,2,'2010-06-15 08:49:27',29471,1,148,2,'guest','hgjhk',0,0,0);
INSERT INTO icinga_commands VALUES (10361,2,0,329,'$USER1$/check_service.phpsh --host=$hostADDRESS$ --service=\"DNS\" --critical=$ARG2$ --warning=$ARG1$');
INSERT INTO icinga_commands VALUES (10362,2,0,330,'$USER1$/check_service.phpsh --host=$hostADDRESS$ --service=\"dummyservice\" --critical=$ARG2$ --warning=$ARG1$');
INSERT INTO icinga_commands VALUES (10363,2,0,331,'$USER1$/check_service.phpsh --host=$hostADDRESS$ --service=\"GroupDAV\" --critical=$ARG2$ --warning=$ARG1$');
INSERT INTO icinga_commands VALUES (10364,2,0,332,'$USER1$/check_ping -H $hostADDRESS$ -w 3000.0,80% -c 5000.0,100% -p 1');
INSERT INTO icinga_commands VALUES (10365,2,0,333,'$USER1$/check_alive.phpsh --host=$hostADDRESS$');
INSERT INTO icinga_commands VALUES (10366,2,0,334,'$USER1$/check_service.phpsh --host=$hostADDRESS$ --service=\"HTTP\" --critical=$ARG2$ --warning=$ARG1$');
INSERT INTO icinga_commands VALUES (10367,2,0,335,'$USER1$/check_service.phpsh --host=$hostADDRESS$ --service=\"HTTPS\" --critical=$ARG2$ --warning=$ARG1$');
INSERT INTO icinga_commands VALUES (10368,2,0,336,'$USER1$/check_service.phpsh --host=$hostADDRESS$ --service=\"Humidity\" --critical=$ARG2$ --warning=$ARG1$');
INSERT INTO icinga_commands VALUES (10369,2,0,337,'$USER1$/check_service.phpsh --host=$hostADDRESS$ --service=\"IMAP\" --critical=$ARG2$ --warning=$ARG1$');
INSERT INTO icinga_commands VALUES (10370,2,0,338,'$USER1$/check_service.phpsh --host=$hostADDRESS$ --service=\"MailQ\" --critical=$ARG2$ --warning=$ARG1$');
INSERT INTO icinga_commands VALUES (10371,2,0,339,'$USER1$/check_service.phpsh --host=$hostADDRESS$ --service=\"PING\" --critical=$ARG2$ --warning=$ARG1$');
INSERT INTO icinga_commands VALUES (10372,2,0,340,'$USER1$/check_service.phpsh --host=$hostADDRESS$ --service=\"Provider\" --critical=$ARG2$ --warning=$ARG1$');
INSERT INTO icinga_commands VALUES (10373,2,0,341,'$USER1$/check_service.phpsh --host=$hostADDRESS$ --service=\"Select\" --critical=$ARG2$ --warning=$ARG1$');
INSERT INTO icinga_commands VALUES (10374,2,0,342,'$USER1$/check_service.phpsh --host=$hostADDRESS$ --service=\"SMTP\" --critical=$ARG2$ --warning=$ARG1$');
INSERT INTO icinga_commands VALUES (10375,2,0,343,'$USER1$/check_service.phpsh --host=$hostADDRESS$ --service=\"MySQL\" --critical=$ARG2$ --warning=$ARG1$');
INSERT INTO icinga_commands VALUES (10376,2,0,344,'$USER1$/check_service.phpsh --host=$hostADDRESS$ --service=\"Temperature\" --critical=$ARG2$ --warning=$ARG1$');
INSERT INTO icinga_commands VALUES (10377,2,0,345,'$USER1$/check_service.phpsh --host=$hostADDRESS$ --service=\"WinDisk\" --critical=$ARG2$ --warning=$ARG1$');
INSERT INTO icinga_commenthistory VALUES (101,2,'2010-06-09 08:48:17',131222,1,1,80,'2010-03-23 19:52:45',69,'guest','hola',1,1,0,'2010-03-23 19:52:45','2010-06-10 11:52:06',79533);
INSERT INTO icinga_commenthistory VALUES (102,2,'2010-06-09 08:48:17',131222,2,4,155,'2010-03-29 11:47:24',72,'guest','Test',0,0,0,'2010-03-29 11:47:24','1970-01-01 00:00:00',0);
INSERT INTO icinga_commenthistory VALUES (103,2,'2010-06-09 08:48:17',131222,2,4,156,'2010-03-29 11:47:24',73,'guest','Test',0,0,0,'2010-03-29 11:47:24','1970-01-01 00:00:00',0);
INSERT INTO icinga_commenthistory VALUES (104,2,'2010-06-09 08:48:17',131222,1,4,429,'2010-04-27 10:32:11',113,'root','asdf',0,0,0,'2010-04-27 10:32:11','1970-01-01 00:00:00',0);
INSERT INTO icinga_commenthistory VALUES (105,2,'2010-06-09 08:48:17',131222,2,4,155,'2010-04-28 10:31:00',117,'guest','Test',0,0,0,'2010-04-28 10:31:00','1970-01-01 00:00:00',0);
INSERT INTO icinga_commenthistory VALUES (106,2,'2010-06-09 08:48:17',131222,2,4,156,'2010-04-28 10:31:00',118,'guest','Test',0,0,0,'2010-04-28 10:31:00','1970-01-01 00:00:00',0);
INSERT INTO icinga_commenthistory VALUES (107,2,'2010-06-09 08:48:17',131222,1,1,102,'2010-04-28 14:00:26',120,'root','asdf',0,1,0,'2010-04-28 14:00:26','2010-06-09 08:48:17',131222);
INSERT INTO icinga_commenthistory VALUES (108,2,'2010-06-09 08:48:17',131222,1,1,100,'2010-04-28 14:00:26',121,'root','asdf',0,1,0,'2010-04-28 14:00:26','2010-06-09 08:48:17',131222);
INSERT INTO icinga_commenthistory VALUES (109,2,'2010-06-09 08:48:17',131222,1,1,100,'2010-04-28 14:05:52',122,'root','asdf',0,1,0,'2010-04-28 14:05:52','2010-06-09 08:48:17',131222);
INSERT INTO icinga_commenthistory VALUES (1010,2,'2010-06-09 08:48:17',131222,1,1,102,'2010-04-28 14:05:52',123,'root','asdf',0,1,0,'2010-04-28 14:05:52','2010-06-09 08:48:17',131222);
INSERT INTO icinga_commenthistory VALUES (1011,2,'2010-06-09 08:48:17',131222,1,1,102,'2010-04-28 14:07:26',124,'root','asdf',0,1,0,'2010-04-28 14:07:26','2010-06-09 08:48:17',131222);
INSERT INTO icinga_commenthistory VALUES (1012,2,'2010-06-09 08:48:17',131222,1,1,100,'2010-04-28 14:07:26',125,'root','asdf',0,1,0,'2010-04-28 14:07:26','2010-06-09 08:48:17',131222);
INSERT INTO icinga_commenthistory VALUES (1013,2,'2010-06-09 08:48:17',131222,2,4,156,'2010-04-29 21:54:31',126,'guest','testtestt',0,0,0,'2010-04-29 21:54:31','1970-01-01 00:00:00',0);
INSERT INTO icinga_commenthistory VALUES (1014,2,'2010-06-09 08:48:17',131222,2,4,148,'2010-05-06 17:31:32',129,'guest','ok',0,0,0,'2010-05-06 17:31:32','1970-01-01 00:00:00',0);
INSERT INTO icinga_commenthistory VALUES (1015,2,'2010-06-09 08:48:17',131222,1,1,75,'2010-05-07 10:25:35',130,'guest','adding notes',0,1,0,'2010-05-07 10:25:35','2010-06-09 08:48:17',131222);

INSERT INTO icinga_commenthistory VALUES (1017,2,'2010-06-09 08:48:17',131222,1,4,431,'2010-05-11 13:27:13',135,'guest','dsfesfre',1,0,0,'2010-05-11 13:27:13','1970-01-01 00:00:00',0);
INSERT INTO icinga_commenthistory VALUES (1018,2,'2010-06-09 08:48:17',131222,1,1,403,'2010-05-17 22:45:25',137,'guest','se rompio boca 3',1,1,0,'2010-05-17 22:45:25','1970-01-01 00:00:00',0);
INSERT INTO icinga_commenthistory VALUES (1019,2,'2010-06-09 08:48:17',131222,2,4,158,'2010-05-17 22:47:12',138,'guest','test bb',0,0,0,'2010-05-17 22:47:12','1970-01-01 00:00:00',0);
INSERT INTO icinga_commenthistory VALUES (1020,2,'2010-06-09 08:48:17',131222,2,1,158,'2010-05-17 22:48:16',139,'guest','etst',0,1,0,'2010-05-17 22:48:16','2010-06-09 08:48:17',131222);
INSERT INTO icinga_commenthistory VALUES (1021,2,'2010-06-09 08:48:17',131222,1,1,403,'2010-05-17 22:52:24',145,'guest','leo- levanta el equipo',1,1,0,'2010-05-17 22:52:24','1970-01-01 00:00:00',0);
INSERT INTO icinga_commenthistory VALUES (1022,2,'2010-06-09 08:48:17',131222,1,1,403,'2010-05-17 22:52:52',146,'guest','asdasd',1,1,0,'2010-05-17 22:52:52','1970-01-01 00:00:00',0);
INSERT INTO icinga_commenthistory VALUES (1023,2,'2010-06-09 08:48:17',131222,1,1,77,'2010-05-19 09:26:14',147,'guest','test',0,1,0,'2010-05-19 09:26:14','2010-06-09 08:48:17',131222);
INSERT INTO icinga_commenthistory VALUES (1025,2,'2010-06-09 08:48:17',131222,2,4,310,'2010-05-21 00:18:01',150,'guest','test',0,0,0,'2010-05-21 00:18:01','2010-06-24 00:01:33',495581);
INSERT INTO icinga_commenthistory VALUES (1026,2,'2010-06-09 08:48:17',131222,2,4,148,'2010-05-21 00:18:01',151,'guest','test',0,0,0,'2010-05-21 00:18:01','1970-01-01 00:00:00',0);
INSERT INTO icinga_commenthistory VALUES (1027,2,'2010-06-09 08:48:17',131222,2,4,156,'2010-05-21 00:18:01',153,'guest','test',0,0,0,'2010-05-21 00:18:01','1970-01-01 00:00:00',0);
INSERT INTO icinga_commenthistory VALUES (1028,2,'2010-06-09 08:48:17',131222,2,4,158,'2010-05-21 00:18:01',154,'guest','test',0,0,0,'2010-05-21 00:18:01','1970-01-01 00:00:00',0);
INSERT INTO icinga_commenthistory VALUES (1029,2,'2010-06-09 08:48:17',131222,1,4,98,'2010-05-22 16:36:18',155,'guest','Handled',0,0,0,'2010-05-22 16:36:18','2010-06-11 22:00:16',481878);
INSERT INTO icinga_commenthistory VALUES (1030,2,'2010-06-09 08:48:17',131222,2,1,155,'2010-05-25 14:13:13',156,'guest','test',0,1,0,'2010-05-25 14:13:13','2010-06-09 08:48:17',131222);
INSERT INTO icinga_commenthistory VALUES (1031,2,'2010-06-09 08:48:17',131222,1,4,429,'2010-05-25 15:53:38',157,'guest','weeeeeee',1,0,0,'2010-05-25 15:53:38','1970-01-01 00:00:00',0);
INSERT INTO icinga_commenthistory VALUES (1032,2,'2010-06-09 08:48:17',131222,1,4,431,'2010-05-26 04:20:11',158,'guest','moo',0,0,0,'2010-05-26 04:20:11','1970-01-01 00:00:00',0);
INSERT INTO icinga_comments VALUES (10205,2,'2010-07-02 15:40:15',660466,1,3,406,'2010-07-02 15:40:15',236,'(Icinga Process)','Notifications for this host are being suppressed because it was detected as having been flapping between different states (22.1% change > 20.0% threshold).  When the host state stabilizes and the flapping stops, notifications will be re-enabled.',0,0,0,'1970-01-01 01:00:00');
INSERT INTO icinga_comments VALUES (10206,2,'2010-07-02 15:40:15',660466,1,3,409,'2010-07-02 15:40:15',237,'(Icinga Process)','Notifications for this host are being suppressed because it was detected as having been flapping between different states (21.2% change > 20.0% threshold).  When the host state stabilizes and the flapping stops, notifications will be re-enabled.',0,0,0,'1970-01-01 01:00:00');
INSERT INTO icinga_comments VALUES (10207,2,'2010-07-02 15:40:15',660466,1,3,404,'2010-07-02 15:40:15',238,'(Icinga Process)','Notifications for this host are being suppressed because it was detected as having been flapping between different states (21.6% change > 20.0% threshold).  When the host state stabilizes and the flapping stops, notifications will be re-enabled.',0,0,0,'1970-01-01 01:00:00');
INSERT INTO icinga_comments VALUES (10208,2,'2010-07-02 15:40:15',660466,1,3,413,'2010-07-02 15:40:15',239,'(Icinga Process)','Notifications for this host are being suppressed because it was detected as having been flapping between different states (21.4% change > 20.0% threshold).  When the host state stabilizes and the flapping stops, notifications will be re-enabled.',0,0,0,'1970-01-01 01:00:00');
INSERT INTO icinga_comments VALUES (10209,2,'2010-07-02 15:40:15',660466,1,3,414,'2010-07-02 15:40:15',240,'(Icinga Process)','Notifications for this host are being suppressed because it was detected as having been flapping between different states (22.1% change > 20.0% threshold).  When the host state stabilizes and the flapping stops, notifications will be re-enabled.',0,0,0,'1970-01-01 01:00:00');
INSERT INTO icinga_comments VALUES (10210,2,'2010-07-02 15:40:15',660466,1,3,416,'2010-07-02 15:40:15',241,'(Icinga Process)','Notifications for this host are being suppressed because it was detected as having been flapping between different states (22.1% change > 20.0% threshold).  When the host state stabilizes and the flapping stops, notifications will be re-enabled.',0,0,0,'1970-01-01 01:00:00');
INSERT INTO icinga_comments VALUES (10211,2,'2010-07-02 15:40:15',660466,1,3,417,'2010-07-02 15:40:15',242,'(Icinga Process)','Notifications for this host are being suppressed because it was detected as having been flapping between different states (22.1% change > 20.0% threshold).  When the host state stabilizes and the flapping stops, notifications will be re-enabled.',0,0,0,'1970-01-01 01:00:00');
INSERT INTO icinga_comments VALUES (10212,2,'2010-07-02 15:40:15',804473,1,3,418,'2010-07-02 15:40:15',243,'(Icinga Process)','Notifications for this host are being suppressed because it was detected as having been flapping between different states (21.6% change > 20.0% threshold).  When the host state stabilizes and the flapping stops, notifications will be re-enabled.',0,0,0,'1970-01-01 01:00:00');
INSERT INTO icinga_comments VALUES (10213,2,'2010-07-02 15:40:15',804473,1,3,419,'2010-07-02 15:40:15',244,'(Icinga Process)','Notifications for this host are being suppressed because it was detected as having been flapping between different states (21.6% change > 20.0% threshold).  When the host state stabilizes and the flapping stops, notifications will be re-enabled.',0,0,0,'1970-01-01 01:00:00');
INSERT INTO icinga_configfiles VALUES (107,2,0,'/usr/local/icinga/etc/icinga.cfg');
INSERT INTO icinga_configfilevariables VALUES (10655,2,7,'log_file','/usr/local/icinga/var/icinga.log');
INSERT INTO icinga_configfilevariables VALUES (10656,2,7,'cfg_file','/usr/local/icinga/etc/commands.cfg');
INSERT INTO icinga_configfilevariables VALUES (10657,2,7,'cfg_dir','/usr/local/icinga/etc/config');
INSERT INTO icinga_configfilevariables VALUES (10658,2,7,'object_cache_file','/usr/local/icinga/var/objects.cache');
INSERT INTO icinga_configfilevariables VALUES (10659,2,7,'precached_object_file','/usr/local/icinga/var/objects.precache');
INSERT INTO icinga_configfilevariables VALUES (10660,2,7,'resource_file','/usr/local/icinga/etc/resource.cfg');
INSERT INTO icinga_configfilevariables VALUES (10661,2,7,'status_file','/usr/local/icinga/var/status.dat');
INSERT INTO icinga_configfilevariables VALUES (10662,2,7,'status_update_interval','10');
INSERT INTO icinga_configfilevariables VALUES (10663,2,7,'icinga_user','nagios');
INSERT INTO icinga_configfilevariables VALUES (10664,2,7,'icinga_group','nagios');
INSERT INTO icinga_configfilevariables VALUES (10665,2,7,'check_external_commands','1');
INSERT INTO icinga_configfilevariables VALUES (10666,2,7,'command_check_interval','-1');
INSERT INTO icinga_configfilevariables VALUES (10667,2,7,'command_file','/usr/local/icinga/var/rw/icinga.cmd');
INSERT INTO icinga_configfilevariables VALUES (10668,2,7,'external_command_buffer_slots','4096');
INSERT INTO icinga_configfilevariables VALUES (10669,2,7,'lock_file','/usr/local/icinga/var/icinga.lock');
INSERT INTO icinga_configfilevariables VALUES (10670,2,7,'temp_file','/usr/local/icinga/var/icinga.tmp');
INSERT INTO icinga_configfilevariables VALUES (10671,2,7,'temp_path','/tmp');
INSERT INTO icinga_configfilevariables VALUES (10672,2,7,'event_broker_options','234337');
INSERT INTO icinga_configfilevariables VALUES (10673,2,7,'broker_module','/usr/local/icinga/bin/idomod.o config_file=/usr/local/icinga/etc/idomod.cfg');
INSERT INTO icinga_configfilevariables VALUES (10674,2,7,'log_rotation_method','d');
INSERT INTO icinga_configfilevariables VALUES (10675,2,7,'log_archive_path','/usr/local/icinga/var/archives');
INSERT INTO icinga_conninfo VALUES (101,2,'IDOMOD','1.0.1','REALTIME','UNIXSOCKET','INITIAL','2010-06-09 08:48:16','1970-01-01 00:00:00','2010-06-15 12:23:38','2010-06-09 08:48:16','1970-01-01 00:00:00',70577290,9509735,336397);
INSERT INTO icinga_conninfo VALUES (102,2,'IDOMOD Trimming Thread','1.0.1','REALTIME','UNIXSOCKET','INITIAL','2010-06-09 08:48:20','1970-01-01 00:00:00','2010-06-09 08:48:20','2010-06-09 08:48:20','1970-01-01 00:00:00',0,0,0);
INSERT INTO icinga_conninfo VALUES (103,2,'IDOMOD','1.0.1','REALTIME','UNIXSOCKET','INITIAL','2010-06-16 14:00:26','1970-01-01 00:00:00','2010-06-29 10:41:15','2010-06-16 14:00:26','1970-01-01 00:00:00',145392570,19610665,698204);
INSERT INTO icinga_conninfo VALUES (104,2,'IDOMOD Trimming Thread','1.0.1','REALTIME','UNIXSOCKET','INITIAL','2010-06-16 14:00:31','1970-01-01 00:00:00','2010-06-16 14:00:31','2010-06-16 14:00:31','1970-01-01 00:00:00',0,0,0);
INSERT INTO icinga_conninfo VALUES (105,2,'IDOMOD','1.0.2','REALTIME','UNIXSOCKET','INITIAL','2010-06-30 12:01:28','1970-01-01 00:00:00','2010-06-30 12:51:58','2010-06-30 12:01:28','1970-01-01 00:00:00',1535303,200917,6962);
INSERT INTO icinga_conninfo VALUES (106,2,'IDOMOD Trimming Thread','1.0.2','REALTIME','UNIXSOCKET','INITIAL','2010-06-30 12:02:27','1970-01-01 00:00:00','2010-06-30 12:02:27','2010-06-30 12:02:27','1970-01-01 00:00:00',0,0,0);
INSERT INTO icinga_conninfo VALUES (107,2,'IDOMOD','1.0.2','REALTIME','UNIXSOCKET','INITIAL','2010-07-01 13:21:11','1970-01-01 00:00:00','2010-07-01 16:38:11','2010-07-01 13:21:11','1970-01-01 00:00:00',1579768,211996,7540);
INSERT INTO icinga_conninfo VALUES (108,2,'IDOMOD Trimming Thread','1.0.2','REALTIME','UNIXSOCKET','INITIAL','2010-07-01 13:22:11','1970-01-01 00:00:00','2010-07-01 13:22:11','2010-07-01 13:22:11','1970-01-01 00:00:00',0,0,0);
INSERT INTO icinga_conninfo VALUES (109,2,'IDOMOD','1.0.2','REALTIME','UNIXSOCKET','INITIAL','2010-07-02 15:40:34','1970-01-01 00:00:00','2010-07-12 14:26:37','2010-07-02 15:40:34','1970-01-01 00:00:00',115433505,15478163,550354);
INSERT INTO icinga_conninfo VALUES (1010,2,'IDOMOD Trimming Thread','1.0.2','REALTIME','UNIXSOCKET','INITIAL','2010-07-02 15:41:34','1970-01-01 00:00:00','2010-07-02 15:41:34','2010-07-02 15:41:34','1970-01-01 00:00:00',0,0,0);
INSERT INTO icinga_contact_notificationcommands VALUES (10217,2,19,0,394,'');
INSERT INTO icinga_contact_notificationcommands VALUES (10218,2,19,0,395,'');
INSERT INTO icinga_contact_notificationcommands VALUES (10219,2,19,0,396,'');
INSERT INTO icinga_contact_notificationcommands VALUES (10220,2,19,0,397,'');
INSERT INTO icinga_contact_notificationcommands VALUES (10221,2,19,0,398,'');
INSERT INTO icinga_contact_notificationcommands VALUES (10222,2,19,0,399,'');
INSERT INTO icinga_contact_notificationcommands VALUES (10223,2,19,1,394,'');
INSERT INTO icinga_contact_notificationcommands VALUES (10224,2,19,1,395,'');
INSERT INTO icinga_contact_notificationcommands VALUES (10225,2,19,1,396,'');
INSERT INTO icinga_contact_notificationcommands VALUES (10226,2,19,1,397,'');
INSERT INTO icinga_contact_notificationcommands VALUES (10227,2,19,1,398,'');
INSERT INTO icinga_contact_notificationcommands VALUES (10228,2,19,1,399,'');
INSERT INTO icinga_contact_notificationcommands VALUES (10229,2,20,0,394,'');
INSERT INTO icinga_contact_notificationcommands VALUES (10230,2,20,0,395,'');
INSERT INTO icinga_contact_notificationcommands VALUES (10231,2,20,0,396,'');
INSERT INTO icinga_contact_notificationcommands VALUES (10232,2,20,0,397,'');
INSERT INTO icinga_contact_notificationcommands VALUES (10233,2,20,0,398,'');
INSERT INTO icinga_contact_notificationcommands VALUES (10234,2,20,0,399,'');
INSERT INTO icinga_contact_notificationcommands VALUES (10235,2,20,1,394,'');
INSERT INTO icinga_contact_notificationcommands VALUES (10236,2,20,1,395,'');
INSERT INTO icinga_contact_notificationcommands VALUES (10237,2,20,1,396,'');
INSERT INTO icinga_contact_notificationcommands VALUES (10238,2,20,1,397,'');
INSERT INTO icinga_contact_notificationcommands VALUES (10239,2,20,1,398,'');
INSERT INTO icinga_contact_notificationcommands VALUES (10240,2,20,1,399,'');
INSERT INTO icinga_contact_notificationcommands VALUES (10241,2,21,0,394,'');
INSERT INTO icinga_contact_notificationcommands VALUES (10242,2,21,0,395,'');
INSERT INTO icinga_contact_notificationcommands VALUES (10243,2,21,0,396,'');
INSERT INTO icinga_contact_notificationcommands VALUES (10244,2,21,0,397,'');
INSERT INTO icinga_contact_notificationcommands VALUES (10245,2,21,0,398,'');
INSERT INTO icinga_contact_notificationcommands VALUES (10246,2,21,0,399,'');
INSERT INTO icinga_contact_notificationcommands VALUES (10247,2,21,1,394,'');
INSERT INTO icinga_contact_notificationcommands VALUES (10248,2,21,1,395,'');
INSERT INTO icinga_contact_notificationcommands VALUES (10249,2,21,1,396,'');
INSERT INTO icinga_contact_notificationcommands VALUES (10250,2,21,1,397,'');
INSERT INTO icinga_contact_notificationcommands VALUES (10251,2,21,1,398,'');
INSERT INTO icinga_contact_notificationcommands VALUES (10252,2,21,1,399,'');
INSERT INTO icinga_contactgroup_members VALUES (1013,2,7,400);
INSERT INTO icinga_contactgroup_members VALUES (1014,2,7,401);
INSERT INTO icinga_contactgroups VALUES (107,2,0,402,'Nagios Administrators');
INSERT INTO icinga_contactnotificationmethods VALUES (101,2,1,'2010-06-09 15:59:12',51511,'2010-06-09 15:59:12',243517,54,'');
INSERT INTO icinga_contactnotificationmethods VALUES (102,2,2,'2010-06-09 15:59:12',243517,'2010-06-09 15:59:12',331520,54,'');
INSERT INTO icinga_contactnotificationmethods VALUES (103,2,3,'2010-06-09 16:12:02',96835,'2010-06-09 16:12:02',216839,54,'');
INSERT INTO icinga_contactnotificationmethods VALUES (104,2,4,'2010-06-09 16:12:02',216839,'2010-06-09 16:12:02',268841,54,'');
INSERT INTO icinga_contactnotificationmethods VALUES (105,2,5,'2010-06-10 09:00:59',210086,'2010-06-10 09:00:59',594101,54,'');
INSERT INTO icinga_contactnotificationmethods VALUES (106,2,6,'2010-06-10 09:00:59',594101,'2010-06-10 09:00:59',818111,54,'');
INSERT INTO icinga_contactnotificationmethods VALUES (107,2,7,'2010-06-10 11:02:09',136939,'2010-06-10 11:02:09',228943,54,'');
INSERT INTO icinga_contactnotificationmethods VALUES (108,2,8,'2010-06-10 11:02:09',228943,'2010-06-10 11:02:09',308946,54,'');
INSERT INTO icinga_contactnotificationmethods VALUES (109,2,9,'2010-06-10 13:03:29',141506,'2010-06-10 13:03:29',237510,54,'');
INSERT INTO icinga_contactnotificationmethods VALUES (1010,2,10,'2010-06-10 13:03:29',237510,'2010-06-10 13:03:29',421517,54,'');
INSERT INTO icinga_contactnotificationmethods VALUES (1011,2,11,'2010-06-10 15:04:49',146812,'2010-06-10 15:04:49',254817,54,'');
INSERT INTO icinga_contactnotificationmethods VALUES (1012,2,12,'2010-06-10 15:04:49',254817,'2010-06-10 15:04:49',318819,54,'');
INSERT INTO icinga_contactnotificationmethods VALUES (1013,2,13,'2010-06-11 09:04:59',159462,'2010-06-11 09:04:59',307468,54,'');
INSERT INTO icinga_contactnotificationmethods VALUES (1014,2,14,'2010-06-11 09:04:59',307468,'2010-06-11 09:04:59',491476,54,'');
INSERT INTO icinga_contactnotificationmethods VALUES (1015,2,15,'2010-06-11 11:06:56',244083,'2010-06-11 11:06:56',320086,54,'');
INSERT INTO icinga_contactnotificationmethods VALUES (1016,2,16,'2010-06-11 11:06:56',320086,'2010-06-11 11:06:56',376088,54,'');
INSERT INTO icinga_contactnotificationmethods VALUES (1017,2,17,'2010-06-18 14:06:10',310344,'2010-06-18 14:06:11',10375,218,'');
INSERT INTO icinga_contactnotificationmethods VALUES (1018,2,18,'2010-06-18 14:06:11',10375,'2010-06-18 14:06:11',190383,218,'');
INSERT INTO icinga_contactnotificationmethods VALUES (1019,2,19,'2010-06-21 09:00:59',201992,'2010-06-21 09:00:59',341998,218,'');
INSERT INTO icinga_contactnotificationmethods VALUES (1020,2,20,'2010-06-21 09:00:59',341998,'2010-06-21 09:00:59',634011,218,'');
INSERT INTO icinga_contactnotifications VALUES (101,2,1,73,'2010-06-09 15:59:12',51511,'2010-06-09 15:59:12',243517);
INSERT INTO icinga_contactnotifications VALUES (102,2,1,72,'2010-06-09 15:59:12',243517,'2010-06-09 15:59:12',331520);
INSERT INTO icinga_contactnotifications VALUES (103,2,2,73,'2010-06-09 16:12:02',96835,'2010-06-09 16:12:02',216839);
INSERT INTO icinga_contactnotifications VALUES (104,2,2,72,'2010-06-09 16:12:02',216839,'2010-06-09 16:12:02',268841);
INSERT INTO icinga_contactnotifications VALUES (105,2,3,73,'2010-06-10 09:00:59',210086,'2010-06-10 09:00:59',594101);
INSERT INTO icinga_contactnotifications VALUES (106,2,3,72,'2010-06-10 09:00:59',594101,'2010-06-10 09:00:59',818111);
INSERT INTO icinga_contactnotifications VALUES (107,2,4,73,'2010-06-10 11:02:09',136939,'2010-06-10 11:02:09',228943);
INSERT INTO icinga_contactnotifications VALUES (108,2,4,72,'2010-06-10 11:02:09',228943,'2010-06-10 11:02:09',308946);
INSERT INTO icinga_contactnotifications VALUES (109,2,5,73,'2010-06-10 13:03:29',141506,'2010-06-10 13:03:29',237510);
INSERT INTO icinga_contactnotifications VALUES (1010,2,5,72,'2010-06-10 13:03:29',237510,'2010-06-10 13:03:29',421517);
INSERT INTO icinga_contactnotifications VALUES (1011,2,6,73,'2010-06-10 15:04:49',146812,'2010-06-10 15:04:49',254817);
INSERT INTO icinga_contactnotifications VALUES (1012,2,6,72,'2010-06-10 15:04:49',254817,'2010-06-10 15:04:49',318819);
INSERT INTO icinga_contactnotifications VALUES (1013,2,7,73,'2010-06-11 09:04:59',159462,'2010-06-11 09:04:59',307468);
INSERT INTO icinga_contactnotifications VALUES (1014,2,7,72,'2010-06-11 09:04:59',307468,'2010-06-11 09:04:59',491476);
INSERT INTO icinga_contactnotifications VALUES (1015,2,8,73,'2010-06-11 11:06:56',244083,'2010-06-11 11:06:56',320086);
INSERT INTO icinga_contactnotifications VALUES (1016,2,8,72,'2010-06-11 11:06:56',320086,'2010-06-11 11:06:56',376088);
INSERT INTO icinga_contactnotifications VALUES (1017,2,9,237,'2010-06-18 14:06:10',310344,'2010-06-18 14:06:11',10375);
INSERT INTO icinga_contactnotifications VALUES (1018,2,9,236,'2010-06-18 14:06:11',10375,'2010-06-18 14:06:11',190383);
INSERT INTO icinga_contactnotifications VALUES (1019,2,10,237,'2010-06-21 09:00:59',201992,'2010-06-21 09:00:59',341998);
INSERT INTO icinga_contactnotifications VALUES (1020,2,10,236,'2010-06-21 09:00:59',341998,'2010-06-21 09:00:59',634011);
INSERT INTO icinga_contacts VALUES (1019,2,0,393,'Georg Heinzelmann','icinga-admin@localhost','',389,389,1,1,1,1,1,1,1,0,0,1,1,0,0,0);
INSERT INTO icinga_contacts VALUES (1020,2,0,400,'Nagios Admin','icinga-admin@localhost','',389,389,1,1,1,1,1,1,1,0,0,1,1,0,0,0);
INSERT INTO icinga_contacts VALUES (1021,2,0,401,'Peter Mayer','icinga-admin@localhost','',389,389,1,1,1,1,1,1,1,0,0,1,1,0,0,0);
INSERT INTO icinga_contactstatus VALUES (1019,2,393,'2010-07-02 15:40:15',1,1,'1970-01-01 01:00:00','1970-01-01 01:00:00',0,0,0);
INSERT INTO icinga_contactstatus VALUES (1020,2,400,'2010-07-02 15:40:15',1,1,'2010-07-02 11:03:55','2010-06-28 16:38:54',0,0,0);
INSERT INTO icinga_contactstatus VALUES (1021,2,401,'2010-07-02 15:40:15',1,1,'2010-07-02 11:03:54','2010-06-28 16:38:54',0,0,0);
INSERT INTO icinga_customvariables VALUES (10301,2,403,0,0,'RACK','1');
INSERT INTO icinga_customvariables VALUES (10302,2,403,0,0,'RZ','dc1');
INSERT INTO icinga_customvariables VALUES (10303,2,405,0,0,'RACK','1');
INSERT INTO icinga_customvariables VALUES (10304,2,405,0,0,'RZ','dc1');
INSERT INTO icinga_customvariables VALUES (10305,2,406,0,0,'RACK','1');
INSERT INTO icinga_customvariables VALUES (10306,2,406,0,0,'RZ','dc1');
INSERT INTO icinga_customvariables VALUES (10307,2,408,0,0,'RACK','1');
INSERT INTO icinga_customvariables VALUES (10308,2,408,0,0,'RZ','dc1');
INSERT INTO icinga_customvariables VALUES (10309,2,409,0,0,'RACK','1');
INSERT INTO icinga_customvariables VALUES (10310,2,409,0,0,'RZ','dc1');
INSERT INTO icinga_customvariables VALUES (10311,2,410,0,0,'RACK','2');
INSERT INTO icinga_customvariables VALUES (10312,2,410,0,0,'RZ','dc1');
INSERT INTO icinga_customvariables VALUES (10313,2,411,0,0,'RACK','2');
INSERT INTO icinga_customvariables VALUES (10314,2,411,0,0,'RZ','dc1');
INSERT INTO icinga_customvariables VALUES (10315,2,407,0,0,'RACK','1');
INSERT INTO icinga_customvariables VALUES (10316,2,407,0,0,'RZ','dc1');
INSERT INTO icinga_customvariables VALUES (10317,2,404,0,0,'RACK','1');
INSERT INTO icinga_customvariables VALUES (10318,2,404,0,0,'RZ','dc1');
INSERT INTO icinga_customvariables VALUES (10319,2,413,0,0,'RACK','2');
INSERT INTO icinga_customvariables VALUES (10320,2,413,0,0,'RZ','dc1');
INSERT INTO icinga_customvariablestatus VALUES (10301,2,403,'2010-07-12 14:22:55',0,'RACK','1');
INSERT INTO icinga_customvariablestatus VALUES (10302,2,403,'2010-07-12 14:22:55',0,'RZ','dc1');
INSERT INTO icinga_customvariablestatus VALUES (10303,2,405,'2010-07-12 14:21:35',0,'RACK','1');
INSERT INTO icinga_customvariablestatus VALUES (10304,2,405,'2010-07-12 14:21:35',0,'RZ','dc1');
INSERT INTO icinga_customvariablestatus VALUES (10305,2,406,'2010-07-12 14:21:35',0,'RACK','1');
INSERT INTO icinga_customvariablestatus VALUES (10306,2,406,'2010-07-12 14:21:35',0,'RZ','dc1');
INSERT INTO icinga_customvariablestatus VALUES (10307,2,408,'2010-07-12 14:21:35',0,'RACK','1');
INSERT INTO icinga_customvariablestatus VALUES (10308,2,408,'2010-07-12 14:21:35',0,'RZ','dc1');
INSERT INTO icinga_customvariablestatus VALUES (10309,2,409,'2010-07-12 14:21:35',0,'RACK','1');
INSERT INTO icinga_customvariablestatus VALUES (10310,2,409,'2010-07-12 14:21:35',0,'RZ','dc1');
INSERT INTO icinga_customvariablestatus VALUES (10311,2,410,'2010-07-12 14:21:35',0,'RACK','2');
INSERT INTO icinga_customvariablestatus VALUES (10312,2,410,'2010-07-12 14:21:35',0,'RZ','dc1');
INSERT INTO icinga_customvariablestatus VALUES (10313,2,411,'2010-07-12 14:21:35',0,'RACK','2');
INSERT INTO icinga_customvariablestatus VALUES (10314,2,411,'2010-07-12 14:21:35',0,'RZ','dc1');
INSERT INTO icinga_customvariablestatus VALUES (10315,2,407,'2010-07-12 14:21:35',0,'RACK','1');
INSERT INTO icinga_customvariablestatus VALUES (10316,2,407,'2010-07-12 14:21:35',0,'RZ','dc1');
INSERT INTO icinga_customvariablestatus VALUES (10317,2,404,'2010-07-12 14:21:35',0,'RACK','1');
INSERT INTO icinga_customvariablestatus VALUES (10318,2,404,'2010-07-12 14:21:35',0,'RZ','dc1');
INSERT INTO icinga_customvariablestatus VALUES (10319,2,413,'2010-07-12 14:21:35',0,'RACK','2');
INSERT INTO icinga_customvariablestatus VALUES (10320,2,413,'2010-07-12 14:21:35',0,'RZ','dc1');
INSERT INTO icinga_downtimehistory VALUES (101,2,1,280,'2010-06-26 16:29:52','guest','test',31,0,1,7200,'2010-06-26 16:29:43','2010-06-26 18:29:43',1,'2010-06-26 16:29:52',856232,'2010-06-26 18:29:43',65411,0);
INSERT INTO icinga_downtimehistory VALUES (102,2,1,279,'2010-06-26 16:29:52','guest','test',32,0,1,7200,'2010-06-26 16:29:43','2010-06-26 18:29:43',1,'2010-06-26 16:29:52',856232,'2010-06-26 18:29:43',65411,0);
INSERT INTO icinga_host_contactgroups VALUES (10181,2,181,402);
INSERT INTO icinga_host_contactgroups VALUES (10182,2,182,402);
INSERT INTO icinga_host_contactgroups VALUES (10183,2,183,402);
INSERT INTO icinga_host_contactgroups VALUES (10184,2,184,402);
INSERT INTO icinga_host_contactgroups VALUES (10185,2,185,402);
INSERT INTO icinga_host_contactgroups VALUES (10186,2,186,402);
INSERT INTO icinga_host_contactgroups VALUES (10187,2,187,402);
INSERT INTO icinga_host_contactgroups VALUES (10188,2,188,402);
INSERT INTO icinga_host_contactgroups VALUES (10189,2,189,402);
INSERT INTO icinga_host_parenthosts VALUES (10175,2,181,404);
INSERT INTO icinga_host_parenthosts VALUES (10176,2,182,404);
INSERT INTO icinga_host_parenthosts VALUES (10177,2,183,407);
INSERT INTO icinga_host_parenthosts VALUES (10178,2,184,404);
INSERT INTO icinga_host_parenthosts VALUES (10179,2,185,404);
INSERT INTO icinga_host_parenthosts VALUES (10180,2,186,404);
INSERT INTO icinga_host_parenthosts VALUES (10181,2,187,404);
INSERT INTO icinga_host_parenthosts VALUES (10182,2,188,412);
INSERT INTO icinga_host_parenthosts VALUES (10183,2,189,406);
INSERT INTO icinga_host_parenthosts VALUES (10184,2,190,404);
INSERT INTO icinga_host_parenthosts VALUES (10185,2,191,415);
INSERT INTO icinga_host_parenthosts VALUES (10186,2,192,415);
INSERT INTO icinga_host_parenthosts VALUES (10187,2,193,415);
INSERT INTO icinga_host_parenthosts VALUES (10188,2,194,415);
INSERT INTO icinga_host_parenthosts VALUES (10189,2,195,415);
INSERT INTO icinga_host_parenthosts VALUES (10190,2,196,415);
INSERT INTO icinga_host_parenthosts VALUES (10191,2,197,415);
INSERT INTO icinga_host_parenthosts VALUES (10192,2,198,418);
INSERT INTO icinga_host_parenthosts VALUES (10193,2,199,412);
INSERT INTO icinga_host_parenthosts VALUES (10194,2,200,412);
INSERT INTO icinga_host_parenthosts VALUES (10195,2,201,412);
INSERT INTO icinga_host_parenthosts VALUES (10196,2,202,412);
INSERT INTO icinga_host_parenthosts VALUES (10197,2,203,412);
INSERT INTO icinga_host_parenthosts VALUES (10198,2,204,412);
INSERT INTO icinga_host_parenthosts VALUES (10199,2,206,412);
INSERT INTO icinga_host_parenthosts VALUES (10200,2,207,412);
INSERT INTO icinga_host_parenthosts VALUES (10201,2,208,412);
INSERT INTO icinga_host_parenthosts VALUES (10202,2,209,412);
INSERT INTO icinga_host_parenthosts VALUES (10203,2,210,412);
INSERT INTO icinga_hostgroup_members VALUES (10271,2,61,403);
INSERT INTO icinga_hostgroup_members VALUES (10272,2,61,405);
INSERT INTO icinga_hostgroup_members VALUES (10273,2,61,406);
INSERT INTO icinga_hostgroup_members VALUES (10274,2,61,408);
INSERT INTO icinga_hostgroup_members VALUES (10275,2,61,409);
INSERT INTO icinga_hostgroup_members VALUES (10276,2,61,410);
INSERT INTO icinga_hostgroup_members VALUES (10277,2,61,411);
INSERT INTO icinga_hostgroup_members VALUES (10278,2,61,407);
INSERT INTO icinga_hostgroup_members VALUES (10279,2,61,404);
INSERT INTO icinga_hostgroup_members VALUES (10280,2,61,413);
INSERT INTO icinga_hostgroup_members VALUES (10281,2,62,414);
INSERT INTO icinga_hostgroup_members VALUES (10282,2,62,416);
INSERT INTO icinga_hostgroup_members VALUES (10283,2,62,417);
INSERT INTO icinga_hostgroup_members VALUES (10284,2,62,418);
INSERT INTO icinga_hostgroup_members VALUES (10285,2,62,419);
INSERT INTO icinga_hostgroup_members VALUES (10286,2,62,420);
INSERT INTO icinga_hostgroup_members VALUES (10287,2,62,421);
INSERT INTO icinga_hostgroup_members VALUES (10288,2,62,422);
INSERT INTO icinga_hostgroup_members VALUES (10289,2,62,415);
INSERT INTO icinga_hostgroup_members VALUES (10290,2,64,423);
INSERT INTO icinga_hostgroup_members VALUES (10291,2,64,424);
INSERT INTO icinga_hostgroup_members VALUES (10292,2,64,425);
INSERT INTO icinga_hostgroup_members VALUES (10293,2,65,426);
INSERT INTO icinga_hostgroup_members VALUES (10294,2,65,427);
INSERT INTO icinga_hostgroup_members VALUES (10295,2,66,423);
INSERT INTO icinga_hostgroup_members VALUES (10296,2,66,424);
INSERT INTO icinga_hostgroup_members VALUES (10297,2,66,425);
INSERT INTO icinga_hostgroup_members VALUES (10298,2,66,426);
INSERT INTO icinga_hostgroup_members VALUES (10299,2,66,427);
INSERT INTO icinga_hostgroup_members VALUES (10300,2,66,428);
INSERT INTO icinga_hostgroup_members VALUES (10301,2,66,429);
INSERT INTO icinga_hostgroup_members VALUES (10302,2,66,430);
INSERT INTO icinga_hostgroup_members VALUES (10303,2,66,431);
INSERT INTO icinga_hostgroup_members VALUES (10304,2,66,432);
INSERT INTO icinga_hostgroup_members VALUES (10305,2,67,412);
INSERT INTO icinga_hostgroup_members VALUES (10306,2,68,428);
INSERT INTO icinga_hostgroup_members VALUES (10307,2,68,429);
INSERT INTO icinga_hostgroup_members VALUES (10308,2,68,430);
INSERT INTO icinga_hostgroup_members VALUES (10309,2,69,425);
INSERT INTO icinga_hostgroup_members VALUES (10310,2,69,427);
INSERT INTO icinga_hostgroup_members VALUES (10311,2,69,412);
INSERT INTO icinga_hostgroup_members VALUES (10312,2,69,430);
INSERT INTO icinga_hostgroup_members VALUES (10313,2,69,432);
INSERT INTO icinga_hostgroup_members VALUES (10314,2,70,431);
INSERT INTO icinga_hostgroup_members VALUES (10315,2,70,432);
INSERT INTO icinga_hostgroups VALUES (1061,2,0,433,'Company 1');
INSERT INTO icinga_hostgroups VALUES (1062,2,0,434,'Company 2');
INSERT INTO icinga_hostgroups VALUES (1063,2,0,435,'Demo Monitoring-Hardware');
INSERT INTO icinga_hostgroups VALUES (1064,2,0,436,'gmx');
INSERT INTO icinga_hostgroups VALUES (1065,2,0,437,'google');
INSERT INTO icinga_hostgroups VALUES (1066,2,0,438,'Mail Servers');
INSERT INTO icinga_hostgroups VALUES (1067,2,0,439,'monitors');
INSERT INTO icinga_hostgroups VALUES (1068,2,0,440,'web_de');
INSERT INTO icinga_hostgroups VALUES (1069,2,0,441,'Web Servers');
INSERT INTO icinga_hostgroups VALUES (1070,2,0,442,'yahoo');
INSERT INTO icinga_hosts VALUES (10181,2,0,403,'company1-datenbank1','c1-db1','10.10.100.31',333,'',0,'',392,389,'',5,1,10,0,120,1,1,1,0,0,0,0,0,1,1,1,1,0,0,1,0,0,1,1,1,1,1,1,1,1,'','','','black_box.gif','Datenbankserver1','black_box.gd2','black_box.gd2',1,150,700,0,0,0,0);
INSERT INTO icinga_hosts VALUES (10182,2,0,405,'company1-datenbank2','c1-db2','10.10.100.32',333,'',0,'',392,389,'',5,1,10,0,120,1,1,1,0,0,0,0,0,1,1,1,1,0,0,1,0,0,1,1,1,1,1,1,1,1,'','','','black_box.gif','Datenbankserver2','black_box.gd2','black_box.gd2',1,220,700,0,0,0,0);
INSERT INTO icinga_hosts VALUES (10183,2,0,406,'company1-firewall','c1-fw','10.10.100.2',333,'',0,'',392,389,'',5,1,10,0,120,1,1,1,0,0,0,0,0,1,1,1,1,0,0,1,0,0,1,1,1,1,1,1,1,1,'','','','firewall2.gif','FW','firewall2.gd2','firewall2.gd2',1,420,500,0,0,0,0);
INSERT INTO icinga_hosts VALUES (10184,2,0,408,'company1-webserver','c1-http','10.10.100.20',333,'',0,'',392,389,'',5,1,10,0,120,1,1,1,0,0,0,0,0,1,1,1,1,0,0,1,0,0,1,1,1,1,1,1,1,1,'','','','rack_linux.gif','Webserver','rack_linux.gd2','rack_linux.gd2',1,490,700,0,0,0,0);
INSERT INTO icinga_hosts VALUES (10185,2,0,409,'company1-mailserver1','c1-mail1','10.10.100.41',333,'',0,'',392,389,'',5,1,10,0,120,1,1,1,0,0,0,0,0,1,1,1,1,0,0,1,0,0,1,1,1,1,1,1,1,1,'','','','mailserver.gif','Mailserver','mailserver.gd2','mailserver.gd2',1,320,700,0,0,0,0);
INSERT INTO icinga_hosts VALUES (10186,2,0,410,'company1-mailserver2','c1-mail2','10.10.100.42',333,'',0,'',392,389,'',5,1,10,0,120,1,1,1,0,0,0,0,0,1,1,1,1,0,0,1,0,0,1,1,1,1,1,1,1,1,'','','','mailserver.gif','Mailserver','mailserver.gd2','mailserver.gd2',1,390,700,0,0,0,0);
INSERT INTO icinga_hosts VALUES (10187,2,0,411,'company1-nagios1','c1-nagios','10.10.100.100',333,'',0,'',392,389,'',5,1,10,0,120,1,1,1,0,0,0,0,0,1,1,1,1,0,0,1,0,0,1,1,1,1,1,1,1,1,'','','','nagios_server.gif','Nagios Monitoring','nagios_server.gd2','nagios_server.gd2',1,690,700,0,0,0,0);
INSERT INTO icinga_hosts VALUES (10188,2,0,407,'company1-router','c1-router','10.10.100.1',333,'',0,'',392,389,'',5,1,10,0,120,1,1,1,0,0,0,0,0,1,1,1,1,0,0,1,0,0,1,1,1,1,1,1,1,1,'','','','router40.gif','Router','router40.gd2','router40.gd2',1,420,400,0,0,0,0);
INSERT INTO icinga_hosts VALUES (10189,2,0,404,'company1-switch','c1-switch','10.10.100.10',333,'',0,'',392,389,'',5,1,10,0,120,1,1,1,0,0,0,0,0,1,1,1,1,0,0,1,0,0,1,1,1,1,1,1,1,1,'','','','network_switch.gif','Switch','network_switch.gd2','network_switch.gd2',1,420,600,0,0,0,0);
INSERT INTO icinga_hosts VALUES (10190,2,0,413,'company1-tt1','c1-tt1','10.10.100.50',333,'',0,'',392,389,'',5,1,10,0,120,1,1,1,0,0,0,0,0,1,1,1,1,0,0,1,0,0,1,1,1,1,1,1,1,1,'','','','wetter2.gif','Webserver','wetter2.gd2','wetter2.gd2',1,590,700,0,0,0,0);
INSERT INTO icinga_hosts VALUES (10191,2,0,414,'company2-applicationserver-1','c2-app-1','10.10.200.2',333,'',0,'',392,389,'',5,1,10,0,120,1,1,1,0,0,0,0,0,1,1,1,1,0,0,1,0,0,1,1,1,1,1,1,1,1,'','','','windows_server.gif','Application Server','windows_server.gd2','windows_server.gd2',1,690,700,0,0,0,0);
INSERT INTO icinga_hosts VALUES (10192,2,0,416,'company2-DatabaseServer-1','c2-dbserver-1','10.10.200.4',333,'',0,'',392,389,'',5,1,10,0,120,1,1,1,0,0,0,0,0,1,1,1,1,0,0,1,0,0,1,1,1,1,1,1,1,1,'','','','DBServer.gif','MySql-Datenbankserver','DBServer.gd2','DBServer.gd2',1,690,700,0,0,0,0);
INSERT INTO icinga_hosts VALUES (10193,2,0,417,'company2-Fileserver-1','c2-file-1','10.10.200.6',333,'',0,'',392,389,'',5,1,10,0,120,1,1,1,0,0,0,0,0,1,1,1,1,0,0,1,0,0,1,1,1,1,1,1,1,1,'','','','FileServer.gif','FileServer Debian','FileServer.gd2','FileServer.gd2',1,690,700,0,0,0,0);
INSERT INTO icinga_hosts VALUES (10194,2,0,418,'company2-firewall-1','c2-fw-1','10.10.200.210',333,'',0,'',392,389,'',5,1,10,0,120,1,1,1,0,0,0,0,0,1,1,1,1,0,0,1,0,0,1,1,1,1,1,1,1,1,'','','','firewall_router.gif','FirewallRouter','firewall_router.gd2','firewall_router.gd2',1,690,700,0,0,0,0);
INSERT INTO icinga_hosts VALUES (10195,2,0,419,'company2-mailserver-1','c2-mail-1','10.10.200.3',333,'',0,'',392,389,'',5,1,10,0,120,1,1,1,0,0,0,0,0,1,1,1,1,0,0,1,0,0,1,1,1,1,1,1,1,1,'','','','MailServer.gif','Exchange','MailServer.gd2','MailServer.gd2',1,690,700,0,0,0,0);
INSERT INTO icinga_hosts VALUES (10196,2,0,420,'company2-Printserver-1','c2-printserver-1','10.10.200.8',333,'',0,'',392,389,'',5,1,10,0,120,1,1,1,0,0,0,0,0,1,1,1,1,0,0,1,0,0,1,1,1,1,1,1,1,1,'','','','PrintServer.gif','Printserver','PrintServer.gd2','PrintServer.gd2',1,690,700,0,0,0,0);
INSERT INTO icinga_hosts VALUES (10197,2,0,421,'company2-proxy','c2-proxy','10.10.200.220',333,'',0,'',392,389,'',5,1,10,0,120,1,1,1,0,0,0,0,0,1,1,1,1,0,0,1,0,0,1,1,1,1,1,1,1,1,'','','','www_server.gif','Proxyserver','www_server.gd2','www_server.gd2',1,690,700,0,0,0,0);
INSERT INTO icinga_hosts VALUES (10198,2,0,422,'company2-router-1','c2-router-1','10.10.200.250',333,'',0,'',392,389,'',5,1,10,0,120,1,1,1,0,0,0,0,0,1,1,1,1,0,0,1,0,0,1,1,1,1,1,1,1,1,'','','','router40.gif','Switch','router40.gd2','router40.gd2',1,690,700,0,0,0,0);
INSERT INTO icinga_hosts VALUES (10199,2,0,415,'company2-switch-1','c2-switch-1','10.10.200.230',333,'',0,'',392,389,'',5,1,10,0,120,1,1,1,0,0,0,0,0,1,1,1,1,0,0,1,0,0,1,1,1,1,1,1,1,1,'','','','network_switch.gif','Switch','network_switch.gd2','network_switch.gd2',1,690,700,0,0,0,0);
INSERT INTO icinga_hosts VALUES (10200,2,0,423,'gmx-pop','gmx-pop','213.165.64.22',332,'',0,'',392,389,'',5,1,10,0,120,1,1,1,0,0,0,0,0,1,1,1,1,0,0,1,0,0,1,1,1,1,1,1,1,1,'','http://www.gmx.de/','','gmx.gif','Google','gmx.gd2','gmx.gd2',1,680,50,0,0,0,0);
INSERT INTO icinga_hosts VALUES (10201,2,0,424,'gmx-smtp','gmx-smtp','87.106.51.95',332,'',0,'',392,389,'',5,1,10,0,120,1,1,1,0,0,0,0,0,1,1,1,1,0,0,1,0,0,1,1,1,1,1,1,1,1,'','http://www.gmx.de/','','gmx.gif','Google','gmx.gd2','gmx.gd2',1,800,150,0,0,0,0);
INSERT INTO icinga_hosts VALUES (10202,2,0,425,'gmx-www','gmx-www','209.85.135.147',332,'',0,'',392,389,'',5,1,10,0,120,1,1,1,0,0,0,0,0,1,1,1,1,0,0,1,0,0,1,1,1,1,1,1,1,1,'','http://www.gmx.de/','','gmx.gif','Google','gmx.gd2','gmx.gd2',1,800,50,0,0,0,0);
INSERT INTO icinga_hosts VALUES (10203,2,0,426,'google-smtp','google-smtp','87.106.51.95',332,'',0,'',392,389,'',5,1,10,0,120,1,1,1,0,0,0,0,0,1,1,1,1,0,0,1,0,0,1,1,1,1,1,1,1,1,'','http://www.google.com/','','google.gif','Google','google.gd2','google.gd2',1,180,430,0,0,0,0);
INSERT INTO icinga_hosts VALUES (10204,2,0,427,'google-www','google-www','209.85.135.147',332,'',0,'',392,389,'',5,1,10,0,120,1,1,1,0,0,0,0,0,1,1,1,1,0,0,1,0,0,1,1,1,1,1,1,1,1,'','http://www.google.com/','','google.gif','Google','google.gd2','google.gd2',1,100,350,0,0,0,0);
INSERT INTO icinga_hosts VALUES (10205,2,0,412,'monitor','monitor','127.0.0.1',332,'',0,'',392,389,'',5,1,10,0,120,1,1,1,0,0,0,0,0,1,1,1,1,0,0,1,0,0,1,1,1,1,1,1,1,1,'','','','nagios.gif','Nagios','nagios.gd2','nagios.gd2',1,420,250,0,0,0,0);
INSERT INTO icinga_hosts VALUES (10206,2,0,428,'web_de-pop','web_de-pop','217.72.192.134',332,'',0,'',392,389,'',5,1,10,0,120,1,1,1,0,0,0,0,0,1,1,1,1,0,0,1,0,0,1,1,1,1,1,1,1,1,'','http://www.web.de/','','web_logo2.gif','Mailserver','web_logo2.gd2','web_logo2.gd2',1,170,50,0,0,0,0);
INSERT INTO icinga_hosts VALUES (10207,2,0,429,'web_de-smtp','web_de-smtp','87.106.51.95',332,'',0,'',392,389,'',5,1,10,0,120,1,1,1,0,0,0,0,0,1,1,1,1,0,0,1,0,0,1,1,1,1,1,1,1,1,'','http://www.web.de/','','web_logo2.gif','Mailserver','web_logo2.gd2','web_logo2.gd2',1,50,150,0,0,0,0);
INSERT INTO icinga_hosts VALUES (10208,2,0,430,'web_de-www','web_de-www','209.85.135.147',332,'',0,'',392,389,'',5,1,10,0,120,1,1,1,0,0,0,0,0,1,1,1,1,0,0,1,0,0,1,1,1,1,1,1,1,1,'','http://www.web.de/','','web_logo2.gif','Mailserver','web_logo2.gd2','web_logo2.gd2',1,50,50,0,0,0,0);
INSERT INTO icinga_hosts VALUES (10209,2,0,431,'yahoo-smtp','yahoo-smtp','87.106.51.95',332,'',0,'',392,389,'',5,1,10,0,120,1,1,1,0,0,0,0,0,1,1,1,1,0,0,1,0,0,1,1,1,1,1,1,1,1,'','http://www.yahoo.com/','','yahoo.gif','Yahoo','yahoo.gd2','yahoo.gd2',1,660,430,0,0,0,0);
INSERT INTO icinga_hosts VALUES (10210,2,0,432,'yahoo-www','yahoo-www','209.85.135.147',332,'',0,'',392,389,'',5,1,10,0,120,1,1,1,0,0,0,0,0,1,1,1,1,0,0,1,0,0,1,1,1,1,1,1,1,1,'','http://www.yahoo.com/','','yahoo.gif','Yahoo','yahoo.gd2','yahoo.gd2',1,740,350,0,0,0,0);
INSERT INTO icinga_hoststatus VALUES (10181,2,403,'2010-07-12 14:22:55','check_alive.phpsh: OK (f1-db1 is on)','','',0,1,1,1,10,'2010-07-12 14:22:45','2010-07-12 14:27:55',0,'2010-07-02 15:40:25','2010-03-05 15:21:29',0,'2010-07-12 14:22:55','2010-07-02 12:03:11','2010-07-02 12:18:01',1,'1970-01-01 01:00:00','1970-01-01 01:00:00',0,0,0,0,0,1,1,1,1,0,0,0.197,0.056,0,1,1,1,131,'','check-host-vnd',5,1,389);
INSERT INTO icinga_hoststatus VALUES (10182,2,405,'2010-07-12 14:21:35','check_alive.phpsh: OK (f1-db2 is on)','','',0,1,1,1,10,'2010-07-12 14:21:25','2010-07-12 14:26:35',0,'2010-07-02 15:40:37','2010-03-01 19:10:02',0,'2010-07-12 14:21:35','2010-07-02 12:03:11','2010-07-02 12:20:11',1,'1970-01-01 01:00:00','1970-01-01 01:00:00',0,1,0,0,0,1,1,1,1,0,0,0.149,0.14401,0,1,1,1,3,'','check-host-vnd',5,1,389);
INSERT INTO icinga_hoststatus VALUES (10183,2,406,'2010-07-12 14:21:35','check_alive.phpsh: OK (f1-fw is on)','','',0,1,1,1,10,'2010-07-12 14:21:25','2010-07-12 14:26:35',0,'2010-07-02 15:40:45','2010-03-31 21:41:19',0,'2010-07-12 14:21:35','2010-07-02 12:13:11','2010-07-02 12:19:45',1,'1970-01-01 01:00:00','1970-01-01 01:00:00',0,1,0,0,0,1,1,1,1,0,0,0.129,0.15201,0,1,1,1,1,'','check-host-vnd',5,1,389);
INSERT INTO icinga_hoststatus VALUES (10184,2,408,'2010-07-12 14:21:35','check_alive.phpsh: OK (f1-http is on)','','',0,1,1,1,10,'2010-07-12 14:21:25','2010-07-12 14:26:35',0,'2010-07-02 15:40:45','2010-03-31 21:41:59',0,'2010-07-12 14:21:35','2010-07-02 12:03:11','2010-07-02 12:21:17',1,'1970-01-01 01:00:00','1970-01-01 01:00:00',0,1,0,0,0,1,1,1,1,0,0,0.165,0.14801,0,1,1,1,145,'','check-host-vnd',5,1,389);
INSERT INTO icinga_hoststatus VALUES (10185,2,409,'2010-07-12 14:21:35','check_alive.phpsh: OK (f1-mail1 is on)','','',0,1,1,1,10,'2010-07-12 14:21:25','2010-07-12 14:26:35',0,'2010-07-02 15:40:45','2010-03-31 21:44:09',0,'2010-07-12 14:21:35','2010-07-02 12:03:11','2010-07-02 12:18:01',1,'1970-01-01 01:00:00','1970-01-01 01:00:00',0,1,0,0,0,1,1,1,1,0,0,0.089,0.14801,0,1,1,1,1,'','check-host-vnd',5,1,389);
INSERT INTO icinga_hoststatus VALUES (10186,2,410,'2010-07-12 14:21:35','check_alive.phpsh: OK (f1-mail2 is on)','','',0,1,1,1,10,'2010-07-12 14:21:25','2010-07-12 14:26:35',0,'2010-07-02 15:40:45','2010-03-19 22:05:37',0,'2010-07-12 14:21:35','2010-07-01 17:59:25','2010-07-02 12:21:17',1,'1970-01-01 01:00:00','1970-01-01 01:00:00',0,1,0,0,0,1,1,1,1,0,0,0.173,0.14001,0,1,1,0,129,'','check-host-vnd',5,1,389);
INSERT INTO icinga_hoststatus VALUES (10187,2,411,'2010-07-12 14:21:35','check_alive.phpsh: OK (f1-nagios is on)','','',0,1,1,1,10,'2010-07-12 14:21:25','2010-07-12 14:26:35',0,'2010-07-02 15:40:45','2010-03-19 22:09:07',0,'2010-07-12 14:21:35','2010-07-02 12:03:11','2010-07-02 12:18:01',1,'1970-01-01 01:00:00','1970-01-01 01:00:00',0,1,0,0,0,1,1,1,1,0,0,0.181,0.12001,0,1,1,1,7,'','check-host-vnd',5,1,389);
INSERT INTO icinga_hoststatus VALUES (10188,2,407,'2010-07-12 14:21:35','check_alive.phpsh: OK (f1-router is on)','','',0,1,1,1,10,'2010-07-12 14:21:25','2010-07-12 14:26:35',0,'2010-07-02 15:40:55','2010-03-31 21:41:59',0,'2010-07-12 14:21:35','2010-07-02 12:20:20','1970-01-01 01:00:00',1,'1970-01-01 01:00:00','1970-01-01 01:00:00',0,1,0,0,0,1,1,1,1,0,0,0.073,0.20801,0,1,1,1,1,'','check-host-vnd',5,1,389);
INSERT INTO icinga_hoststatus VALUES (10189,2,404,'2010-07-12 14:21:35','check_alive.phpsh: OK (f1-switch is on)','','',0,1,1,1,10,'2010-07-12 14:21:25','2010-07-12 14:26:35',0,'2010-07-02 15:40:37','2010-02-01 22:03:56',0,'2010-07-12 14:21:35','2010-07-02 12:12:21','2010-07-02 12:16:32',1,'1970-01-01 01:00:00','1970-01-01 01:00:00',0,1,0,0,0,1,1,1,1,0,0,0.145,0.084,0,1,1,1,1,'','check-host-vnd',5,1,389);
INSERT INTO icinga_hoststatus VALUES (10190,2,413,'2010-07-12 14:21:35','check_alive.phpsh: OK (f1-tt1 is on)','','',0,1,1,1,10,'2010-07-12 14:21:25','2010-07-12 14:26:35',0,'2010-07-02 15:40:45','2010-03-19 22:05:37',0,'2010-07-12 14:21:35','2010-07-02 12:03:11','2010-07-02 12:21:16',1,'1970-01-01 01:00:00','1970-01-01 01:00:00',0,1,0,0,0,1,1,1,1,0,0,0.069,0.21201,0,1,1,1,7,'','check-host-vnd',5,1,389);
INSERT INTO icinga_hoststatus VALUES (10191,2,414,'2010-07-12 14:21:35','check_alive.phpsh: OK (f2-app-1 is on)','','',0,1,1,1,10,'2010-07-12 14:21:25','2010-07-12 14:26:35',0,'2010-07-03 08:06:25','2010-02-01 22:03:56',0,'2010-07-12 14:21:35','2010-07-02 12:13:11','2010-07-03 08:05:54',1,'1970-01-01 01:00:00','1970-01-01 01:00:00',0,1,0,0,0,1,1,1,1,0,0,0.097,0.15601,0,1,1,1,1,'','check-host-vnd',5,1,389);
INSERT INTO icinga_hoststatus VALUES (10192,2,416,'2010-07-12 14:21:35','check_alive.phpsh: OK (f2-dbserver-1 is on)','','',0,1,1,1,10,'2010-07-12 14:21:25','2010-07-12 14:26:35',0,'2010-07-03 08:06:25','2010-03-05 15:20:19',0,'2010-07-12 14:21:35','2010-07-02 12:13:11','2010-07-03 08:05:54',1,'1970-01-01 01:00:00','1970-01-01 01:00:00',0,1,0,0,0,1,1,1,1,0,0,0.077,0.19201,0,1,1,0,129,'','check-host-vnd',5,1,389);
INSERT INTO icinga_hoststatus VALUES (10193,2,417,'2010-07-12 14:21:35','check_alive.phpsh: OK (f2-file-1 is on)','','',0,1,1,1,10,'2010-07-12 14:21:25','2010-07-12 14:26:35',0,'2010-07-03 08:06:04','2010-02-01 22:04:06',0,'2010-07-12 14:21:35','2010-07-02 12:12:21','2010-07-03 08:05:54',1,'1970-01-01 01:00:00','1970-01-01 01:00:00',0,1,0,0,0,1,1,0,1,0,0,0.081,0.20001,0,1,1,1,9,'','check-host-vnd',5,1,389);
INSERT INTO icinga_hoststatus VALUES (10194,2,418,'2010-07-12 14:21:35','check_alive.phpsh: OK (f2-fw-1 is on)','','',0,1,1,1,10,'2010-07-12 14:21:25','2010-07-12 14:26:35',0,'2010-07-03 08:06:25','2010-02-01 22:04:06',0,'2010-07-12 14:21:35','2010-07-03 08:04:25','2010-07-03 08:05:54',1,'1970-01-01 01:00:00','1970-01-01 01:00:00',0,1,0,0,0,1,1,0,1,0,0,0.065,0.19601,0,1,1,1,11,'','check-host-vnd',5,1,389);
INSERT INTO icinga_hoststatus VALUES (10195,2,419,'2010-07-12 14:21:35','check_alive.phpsh: OK (f2-mail-1 is on)','','',0,1,1,1,10,'2010-07-12 14:21:25','2010-07-12 14:26:35',0,'2010-07-03 08:06:25','2010-02-01 22:04:06',0,'2010-07-12 14:21:35','2010-07-02 12:12:21','2010-07-03 08:05:24',1,'1970-01-01 01:00:00','1970-01-01 01:00:00',0,1,0,0,0,1,1,0,1,0,0,0.081,0.17601,0,1,1,1,9,'','check-host-vnd',5,1,389);
INSERT INTO icinga_hoststatus VALUES (10196,2,420,'2010-07-12 14:21:35','check_alive.phpsh: OK (f2-printserver-1 is on)','','',0,1,1,1,10,'2010-07-12 14:21:25','2010-07-12 14:26:35',0,'2010-07-03 08:06:25','2010-02-01 22:03:46',0,'2010-07-12 14:21:35','2010-07-02 12:13:11','2010-07-03 08:05:24',1,'1970-01-01 01:00:00','1970-01-01 01:00:00',0,1,0,0,0,1,1,0,1,0,0,0.177,0.13601,0,1,1,1,9,'','check-host-vnd',5,1,389);
INSERT INTO icinga_hoststatus VALUES (10197,2,421,'2010-07-12 14:21:35','check_alive.phpsh: OK (f2-proxy is on)','','',0,1,1,1,10,'2010-07-12 14:21:25','2010-07-12 14:26:35',0,'2010-07-03 08:08:11','2010-02-01 22:03:56',0,'2010-07-12 14:21:35','2010-07-02 12:13:11','2010-07-03 08:05:24',1,'1970-01-01 01:00:00','1970-01-01 01:00:00',0,0,0,0,0,1,1,0,1,0,0,0.105,0.12801,0,1,1,1,9,'','check-host-vnd',5,1,389);
INSERT INTO icinga_hoststatus VALUES (10198,2,422,'2010-07-12 14:21:35','check_alive.phpsh: OK (f2-router-1 is on)','','',0,1,1,1,10,'2010-07-12 14:21:25','2010-07-12 14:26:35',0,'2010-07-02 15:42:35','2010-02-01 22:03:56',0,'2010-07-12 14:21:35','2010-07-01 17:59:25','2010-07-02 12:19:12',1,'1970-01-01 01:00:00','1970-01-01 01:00:00',0,1,0,0,0,1,1,1,1,0,0,0.101,0.15601,0,1,1,1,1,'','check-host-vnd',5,1,389);
INSERT INTO icinga_hoststatus VALUES (10199,2,415,'2010-07-12 14:21:35','check_alive.phpsh: OK (f2-switch-1 is on)','','',0,1,1,1,10,'2010-07-12 14:21:25','2010-07-12 14:26:35',0,'2010-07-03 08:06:14','2010-02-01 22:03:56',0,'2010-07-12 14:21:35','2010-07-03 08:05:11','1970-01-01 01:00:00',1,'1970-01-01 01:00:00','1970-01-01 01:00:00',0,0,0,0,0,1,1,1,1,0,0,0.169,0.14401,0,1,1,1,1,'','check-host-vnd',5,1,389);
INSERT INTO icinga_hoststatus VALUES (10200,2,423,'2010-07-12 14:23:55','PING OK - Packet loss = 0%, RTA = 8.00 ms','','rta=8.000000ms;3000.000000;5000.000000;0.000000 pl=0%;80;100;0',0,1,1,1,10,'2010-07-12 14:23:45','2010-07-12 14:28:55',0,'2010-07-05 14:49:56','2010-07-05 14:49:56',0,'2010-07-12 14:23:55','2010-07-05 14:44:46','2010-07-05 00:04:47',1,'2010-07-05 14:49:56','2010-07-05 16:49:56',0,1,0,0,0,1,1,1,1,0,0,0.184,0.016,0,1,1,1,1,'','check-host-alive',5,1,389);
INSERT INTO icinga_hoststatus VALUES (10201,2,424,'2010-07-08 16:24:51','PING CRITICAL - Packet loss = 100%','','rta=5000.000000ms;3000.000000;5000.000000;0.000000 pl=100%;80;100;0',1,1,0,1,10,'2010-07-08 15:18:15','2010-07-08 15:23:25',0,'2010-07-05 00:05:59','2010-07-05 00:05:59',1,'2010-06-09 15:59:12','2010-07-08 15:18:25','2010-07-05 00:04:37',1,'2010-07-08 15:02:45','2010-07-08 17:02:45',0,1,1,1,23,1,0,1,1,0,0,0.125,10.00845,0,1,1,1,27,'','check-host-alive',5,1,389);
INSERT INTO icinga_hoststatus VALUES (10202,2,425,'2010-07-12 14:21:35','PING OK - Packet loss = 0%, RTA = 12.00 ms','','rta=12.000000ms;3000.000000;5000.000000;0.000000 pl=0%;80;100;0',0,1,1,1,10,'2010-07-12 14:21:25','2010-07-12 14:26:35',0,'2010-07-05 00:05:44','2010-02-01 21:18:54',0,'2010-07-12 14:21:35','2010-05-21 10:31:04','2010-07-05 00:04:26',1,'1970-01-01 01:00:00','1970-01-01 01:00:00',0,1,0,0,0,1,1,1,1,0,0,0.049,0.024,0,1,1,1,1,'','check-host-alive',5,1,389);
INSERT INTO icinga_hoststatus VALUES (10203,2,426,'2010-07-12 14:24:35','PING CRITICAL - Packet loss = 100%','','rta=5000.000000ms;3000.000000;5000.000000;0.000000 pl=100%;80;100;0',1,1,1,1,10,'2010-07-12 14:24:25','2010-07-12 14:29:35',0,'2010-07-05 00:18:32','2010-07-05 00:18:32',1,'1970-01-01 01:00:00','2010-07-12 14:24:35','2010-07-05 00:04:46',1,'2010-07-09 15:04:00','1970-01-01 01:00:15',0,1,1,2,132,1,1,1,1,0,0,0.033,10.00845,0,1,1,1,131,'','check-host-alive',5,1,389);
INSERT INTO icinga_hoststatus VALUES (10204,2,427,'2010-07-12 14:21:35','PING OK - Packet loss = 0%, RTA = 16.00 ms','','rta=16.000999ms;3000.000000;5000.000000;0.000000 pl=0%;80;100;0',0,1,1,1,10,'2010-07-12 14:21:25','2010-07-12 14:26:35',0,'2010-07-05 00:05:44','2010-02-01 21:19:00',0,'2010-07-12 14:21:35','2010-05-21 10:31:04','2010-07-05 00:04:26',1,'1970-01-01 01:00:00','1970-01-01 01:00:00',0,1,0,0,0,1,1,1,1,0,0,0.057,0.02,0,1,1,1,1,'','check-host-alive',5,1,389);
INSERT INTO icinga_hoststatus VALUES (10205,2,412,'2010-07-12 14:21:35','PING OK - Packet loss = 0%, RTA = 0.00 ms','','rta=0.000000ms;3000.000000;5000.000000;0.000000 pl=0%;80;100;0',0,1,1,1,10,'2010-07-12 14:21:25','2010-07-12 14:26:35',0,'2010-07-05 00:05:44','2010-02-01 21:19:07',0,'2010-07-12 14:21:35','2010-07-05 00:04:17','1970-01-01 01:00:00',1,'1970-01-01 01:00:00','1970-01-01 01:00:00',0,1,0,0,0,1,1,1,1,0,0,0.041,0.012,0,1,1,1,1,'','check-host-alive',5,1,389);
INSERT INTO icinga_hoststatus VALUES (10206,2,428,'2010-07-12 14:21:35','PING OK - Packet loss = 0%, RTA = 8.00 ms','','rta=8.001000ms;3000.000000;5000.000000;0.000000 pl=0%;80;100;0',0,1,1,1,10,'2010-07-12 14:21:25','2010-07-12 14:26:35',0,'2010-07-05 00:05:44','2010-02-25 20:27:11',0,'2010-07-12 14:21:35','2010-06-25 10:49:56','2010-07-05 00:04:26',1,'1970-01-01 01:00:00','1970-01-01 01:00:00',0,1,0,0,0,1,1,0,0,0,0,0.045,0.016,0,1,1,1,27,'','check-host-alive',5,1,389);
INSERT INTO icinga_hoststatus VALUES (10207,2,429,'2010-07-12 14:25:35','PING CRITICAL - Packet loss = 100%','','rta=5000.000000ms;3000.000000;5000.000000;0.000000 pl=100%;80;100;0',1,1,1,1,10,'2010-07-12 14:25:15','2010-07-12 14:30:35',0,'2010-07-05 00:18:32','2010-07-05 00:18:32',1,'1970-01-01 01:00:00','2010-07-12 14:25:35','2010-07-05 00:04:46',1,'2010-07-12 13:01:35','2010-07-12 15:01:35',0,1,0,0,153,1,1,1,1,0,0,0.192,10.00845,0,1,1,1,3,'','check-host-alive',5,1,389);
INSERT INTO icinga_hoststatus VALUES (10208,2,430,'2010-07-12 14:21:35','PING OK - Packet loss = 0%, RTA = 12.00 ms','','rta=12.001000ms;3000.000000;5000.000000;0.000000 pl=0%;80;100;0',0,1,1,1,10,'2010-07-12 14:21:25','2010-07-12 14:26:35',0,'2010-07-03 00:23:03','2010-02-01 21:19:27',0,'2010-07-12 14:21:35','2010-07-03 00:21:57','2010-03-07 00:04:45',1,'1970-01-01 01:00:00','1970-01-01 01:00:00',0,1,0,0,0,1,1,1,1,0,0,0.061,0.02,0,1,1,1,1,'','check-host-alive',5,1,389);
INSERT INTO icinga_hoststatus VALUES (10209,2,431,'2010-07-12 14:24:35','PING CRITICAL - Packet loss = 100%','','rta=5000.000000ms;3000.000000;5000.000000;0.000000 pl=100%;80;100;0',1,1,1,1,10,'2010-07-12 14:24:25','2010-07-12 14:29:35',0,'2010-07-05 00:18:32','2010-07-05 00:18:32',1,'1970-01-01 01:00:00','2010-07-12 14:24:35','2010-07-05 00:04:46',1,'2010-07-12 13:05:35','2010-07-12 15:05:35',0,1,0,0,189,1,1,1,1,0,0,0.029,10.00845,0,1,1,1,3,'','check-host-alive',5,1,389);
INSERT INTO icinga_hoststatus VALUES (10210,2,432,'2010-07-12 14:21:35','PING OK - Packet loss = 0%, RTA = 16.00 ms','','rta=16.000999ms;3000.000000;5000.000000;0.000000 pl=0%;80;100;0',0,1,1,1,10,'2010-07-12 14:21:25','2010-07-12 14:26:35',0,'2010-06-25 10:51:06','2010-02-01 21:19:34',0,'2010-07-12 14:21:35','2010-06-25 10:49:56','2010-03-07 00:04:45',1,'1970-01-01 01:00:00','1970-01-01 01:00:00',0,1,0,0,0,1,1,1,1,0,0,0.053,0.024,0,1,1,1,1,'','check-host-alive',5,1,389);
INSERT INTO icinga_instances VALUES (102,'extended','');

INSERT INTO icinga_logentries VALUES (102,2,'2010-06-09 08:48:16','2010-06-09 08:48:16',839212,64,'Finished daemonizing... (New PID=30063)',1,1);
INSERT INTO icinga_logentries VALUES (103,2,'2010-06-09 09:48:17','2010-06-09 09:48:17',97367,64,'Auto-save of retention data completed successfully.',1,1);
INSERT INTO icinga_logentries VALUES (104,2,'2010-06-09 10:48:17','2010-06-09 10:48:17',198858,64,'Auto-save of retention data completed successfully.',1,1);
INSERT INTO icinga_logentries VALUES (105,2,'2010-06-09 11:48:17','2010-06-09 11:48:17',7937,64,'Auto-save of retention data completed successfully.',1,1);
INSERT INTO icinga_logentries VALUES (106,2,'2010-06-09 12:48:17','2010-06-09 12:48:17',45984,64,'Auto-save of retention data completed successfully.',1,1);
INSERT INTO icinga_logentries VALUES (107,2,'2010-06-09 13:48:17','2010-06-09 13:48:17',80625,64,'Auto-save of retention data completed successfully.',1,1);
INSERT INTO icinga_logentries VALUES (108,2,'2010-06-09 13:59:23','2010-06-09 13:59:23',302510,512,'EXTERNAL COMMAND: ENABLE_HOST_NOTIFICATIONS;c1-db1',1,1);
INSERT INTO icinga_logentries VALUES (109,2,'2010-06-09 14:08:27','2010-06-09 14:08:27',712386,512,'EXTERNAL COMMAND: DISABLE_SERVICEGROUP_SVC_CHECKS;database',1,1);
INSERT INTO icinga_logentries VALUES (1010,2,'2010-06-09 14:08:27','2010-06-09 14:08:27',712386,512,'EXTERNAL COMMAND: DISABLE_SERVICEGROUP_SVC_CHECKS;local',1,1);
INSERT INTO icinga_logentries VALUES (1011,2,'2010-06-09 14:08:27','2010-06-09 14:08:27',712386,512,'EXTERNAL COMMAND: DISABLE_SERVICEGROUP_SVC_CHECKS;mail',1,1);
INSERT INTO icinga_logentries VALUES (1012,2,'2010-06-09 14:08:27','2010-06-09 14:08:27',712386,512,'EXTERNAL COMMAND: DISABLE_SERVICEGROUP_SVC_CHECKS;mail',1,1);
INSERT INTO icinga_logentries VALUES (1013,2,'2010-06-09 14:08:27','2010-06-09 14:08:27',712386,512,'EXTERNAL COMMAND: DISABLE_SERVICEGROUP_SVC_CHECKS;network',1,1);
INSERT INTO icinga_logentries VALUES (1014,2,'2010-06-09 14:08:27','2010-06-09 14:08:27',712386,512,'EXTERNAL COMMAND: DISABLE_SERVICEGROUP_SVC_CHECKS;network',1,1);
INSERT INTO icinga_logentries VALUES (1015,2,'2010-06-09 14:08:27','2010-06-09 14:08:27',712386,512,'EXTERNAL COMMAND: DISABLE_SERVICEGROUP_SVC_CHECKS;web',1,1);
INSERT INTO icinga_logentries VALUES (1016,2,'2010-06-09 14:48:17','2010-06-09 14:48:17',42974,64,'Auto-save of retention data completed successfully.',1,1);
INSERT INTO icinga_logentries VALUES (1017,2,'2010-06-09 15:48:17','2010-06-09 15:48:17',197943,64,'Auto-save of retention data completed successfully.',1,1);
INSERT INTO icinga_logentries VALUES (1018,2,'2010-06-09 15:59:05','2010-06-09 15:59:05',499296,131072,'EXTERNAL COMMAND: PROCESS_HOST_CHECK_RESULT;gmx-smtp;0;ok|',1,1);
INSERT INTO icinga_logentries VALUES (1019,2,'2010-06-09 15:59:12','2010-06-09 15:59:12',51511,131072,'PASSIVE HOST CHECK: gmx-smtp;0;ok',1,1);
INSERT INTO icinga_notifications VALUES (101,2,0,0, 115,'2010-06-09 15:59:12',1276091952,'2010-06-09 15:59:12',331520,0,'ok','ok',0,2);
INSERT INTO icinga_notifications VALUES (102,2,0,0, 116,'2010-06-09 16:12:02',1276092722,'2010-06-09 16:12:02',268841,1,'PING CRITICAL - Packet loss = 100%','PING CRITICAL - Packet loss = 100%',0,2);
INSERT INTO icinga_notifications VALUES (103,2,0,0, 117,'2010-06-10 09:00:59',1276153259,'2010-06-10 09:00:59',818111,1,'PING CRITICAL - Packet loss = 100%','PING CRITICAL - Packet loss = 100%',0,2);
INSERT INTO icinga_notifications VALUES (104,2,0,0, 115,'2010-06-10 11:02:09',1276160529,'2010-06-10 11:02:09',308946,1,'PING CRITICAL - Packet loss = 100%','PING CRITICAL - Packet loss = 100%',0,2);
INSERT INTO icinga_notifications VALUES (105,2,0,0, 116,'2010-06-10 13:03:29',1276167809,'2010-06-10 13:03:29',421517,1,'PING CRITICAL - Packet loss = 100%','PING CRITICAL - Packet loss = 100%',0,2);
INSERT INTO icinga_notifications VALUES (106,2,0,0, 117,'2010-06-10 15:04:49',1276175089,'2010-06-10 15:04:49',318819,1,'PING CRITICAL - Packet loss = 100%','PING CRITICAL - Packet loss = 100%',0,2);
INSERT INTO icinga_notifications VALUES (107,2,0,0, 115,'2010-06-11 09:04:59',1276239899,'2010-06-11 09:04:59',491476,1,'PING CRITICAL - Packet loss = 100%','PING CRITICAL - Packet loss = 100%',0,2);
INSERT INTO icinga_notifications VALUES (108,2,0,0, 116,'2010-06-11 11:06:56',1276247216,'2010-06-11 11:06:56',376088,1,'PING CRITICAL - Packet loss = 100%','PING CRITICAL - Packet loss = 100%',0,2);
INSERT INTO icinga_notifications VALUES (109,2,0,99,117,'2010-06-18 14:06:10',1276862770,'2010-06-18 14:06:11',190383,0,'check_alive.phpsh: OK (f1-db1 is on)','check_alive.phpsh: OK (f1-db1 is on)',0,2);
INSERT INTO icinga_notifications VALUES (1010,2,0,0,115,'2010-06-21 09:00:59',1277103659,'2010-06-21 09:00:59',634011,1,'PING CRITICAL - Packet loss = 100%','PING CRITICAL - Packet loss = 100%',0,2);
INSERT INTO icinga_notifications VALUES (1011,2,0,0,116,'2010-06-21 11:01:29',1277110889,'2010-06-21 11:01:29',319894,1,'PING CRITICAL - Packet loss = 100%','PING CRITICAL - Packet loss = 100%',0,2);
INSERT INTO icinga_notifications VALUES (1012,2,0,0,117,'2010-06-21 13:06:27',1277118387,'2010-06-21 13:06:27',467654,1,'PING CRITICAL - Packet loss = 100%','PING CRITICAL - Packet loss = 100%',0,2);
INSERT INTO icinga_notifications VALUES (1013,2,0,0,115,'2010-06-21 15:06:49',1277125609,'2010-06-21 15:06:49',470354,1,'PING CRITICAL - Packet loss = 100%','PING CRITICAL - Packet loss = 100%',0,2);
INSERT INTO icinga_notifications VALUES (1014,2,0,0,116,'2010-06-22 09:02:00',1277190120,'2010-06-22 09:02:01',74007,1,'PING CRITICAL - Packet loss = 100%','PING CRITICAL - Packet loss = 100%',0,2);
INSERT INTO icinga_notifications VALUES (1015,2,0,0,117,'2010-06-22 11:02:39',1277197359,'2010-06-22 11:02:39',290514,1,'PING CRITICAL - Packet loss = 100%','PING CRITICAL - Packet loss = 100%',0,2);
INSERT INTO icinga_notifications VALUES (1016,2,0,0,115,'2010-06-22 13:07:39',1277204859,'2010-06-22 13:07:39',274354,1,'PING CRITICAL - Packet loss = 100%','PING CRITICAL - Packet loss = 100%',0,2);
INSERT INTO icinga_notifications VALUES (1017,2,0,0,116,'2010-06-22 15:12:29',1277212349,'2010-06-22 15:12:29',360412,1,'PING CRITICAL - Packet loss = 100%','PING CRITICAL - Packet loss = 100%',0,2);
INSERT INTO icinga_notifications VALUES (1018,2,0,0,117,'2010-06-23 09:03:40',1277276620,'2010-06-23 09:03:40',572524,1,'PING CRITICAL - Packet loss = 100%','PING CRITICAL - Packet loss = 100%',0,2);
INSERT INTO icinga_notifications VALUES (1019,2,0,0,116,'2010-06-23 11:08:50',1277284130,'2010-06-23 11:08:50',330679,1,'CRITICAL - Plugin timed out after 10 seconds','CRITICAL - Plugin timed out after 10 seconds',0,2);
INSERT INTO icinga_notifications VALUES (1020,2,0,0,117,'2010-06-23 13:09:50',1277291390,'2010-06-23 13:09:50',440731,1,'PING CRITICAL - Packet loss = 100%','PING CRITICAL - Packet loss = 100%',0,2);
INSERT INTO icinga_objects VALUES (101,2,12,'check-dns-vnd','NULL',0);
INSERT INTO icinga_objects VALUES (102,2,12,'check-dummyservice-vnd','NULL',0);
INSERT INTO icinga_objects VALUES (103,2,12,'check-groupdav-vnd','NULL',0);
INSERT INTO icinga_objects VALUES (104,2,12,'check-host-alive','NULL',0);
INSERT INTO icinga_objects VALUES (105,2,12,'check-host-vnd','NULL',0);
INSERT INTO icinga_objects VALUES (106,2,12,'check-http-vnd','NULL',0);
INSERT INTO icinga_objects VALUES (107,2,12,'check-https-vnd','NULL',0);
INSERT INTO icinga_objects VALUES (108,2,12,'check-humi-vnd','NULL',0);
INSERT INTO icinga_objects VALUES (109,2,12,'check-imap-vnd','NULL',0);
INSERT INTO icinga_objects VALUES (1010,2,12,'check-mailq-vnd','NULL',0);
INSERT INTO icinga_objects VALUES (1011,2,12,'check-ping-vnd','NULL',0);
INSERT INTO icinga_objects VALUES (1012,2,12,'check-provider-vnd','NULL',0);
INSERT INTO icinga_objects VALUES (1013,2,12,'check-select-vnd','NULL',0);
INSERT INTO icinga_objects VALUES (1014,2,12,'check-smtp-vnd','NULL',0);
INSERT INTO icinga_objects VALUES (1015,2,12,'check-sql-vnd','NULL',0);
INSERT INTO icinga_objects VALUES (1016,2,12,'check-temp-vnd','NULL',0);
INSERT INTO icinga_objects VALUES (1017,2,12,'check-windisk-vnd','NULL',0);
INSERT INTO icinga_objects VALUES (1018,2,12,'check_akcp','NULL',0);
INSERT INTO icinga_objects VALUES (1019,2,12,'check_dns','NULL',0);
INSERT INTO icinga_objects VALUES (1020,2,12,'check_ftp','NULL',0);
INSERT INTO icinga_objects VALUES (1021,2,12,'check_hpjd','NULL',0);
INSERT INTO icinga_objects VALUES (1022,2,12,'check_http','NULL',0);
INSERT INTO icinga_objects VALUES (1023,2,12,'check_local_disk','NULL',0);
INSERT INTO icinga_objects VALUES (1024,2,12,'check_local_load','NULL',0);
INSERT INTO icinga_objects VALUES (1025,2,12,'check_local_procs','NULL',0);
INSERT INTO icinga_objects VALUES (1026,2,12,'check_local_users','NULL',0);
INSERT INTO icinga_objects VALUES (1027,2,12,'check_messpc','NULL',0);
INSERT INTO icinga_objects VALUES (1028,2,12,'check_nntp','NULL',0);
INSERT INTO icinga_objects VALUES (1029,2,12,'check_nsclient_auslagerungsdatei','NULL',0);
INSERT INTO icinga_objects VALUES (1030,2,12,'check_nsclient_clientversion','NULL',0);
INSERT INTO icinga_objects VALUES (1031,2,12,'check_nsclient_disk','NULL',0);
INSERT INTO icinga_objects VALUES (1032,2,12,'check_nsclient_load','NULL',0);
INSERT INTO icinga_objects VALUES (1033,2,12,'check_nsclient_memuse','NULL',0);
INSERT INTO icinga_objects VALUES (1034,2,12,'check_nsclient_pagefile','NULL',0);
INSERT INTO icinga_objects VALUES (1035,2,12,'check_nsclient_process','NULL',0);
INSERT INTO icinga_objects VALUES (1036,2,12,'check_nsclient_prozesse','NULL',0);
INSERT INTO icinga_objects VALUES (1037,2,12,'check_nsclient_service','NULL',0);
INSERT INTO icinga_objects VALUES (1038,2,12,'check_nsclient_uptime','NULL',0);
INSERT INTO icinga_objects VALUES (1039,2,12,'check_ping','NULL',0);
INSERT INTO icinga_objects VALUES (1040,2,12,'check_ping2','NULL',0);
INSERT INTO icinga_objects VALUES (1041,2,12,'check_pop','NULL',0);
INSERT INTO icinga_objects VALUES (1042,2,12,'check_senturion','NULL',0);
INSERT INTO icinga_objects VALUES (1043,2,12,'check_serverview','NULL',0);
INSERT INTO icinga_objects VALUES (1044,2,12,'check_smtp','NULL',0);
INSERT INTO icinga_objects VALUES (1045,2,12,'check_ssh','NULL',0);
INSERT INTO icinga_objects VALUES (1046,2,12,'check_ssh_disk','NULL',0);
INSERT INTO icinga_objects VALUES (1047,2,12,'check_ssh_load','NULL',0);
INSERT INTO icinga_objects VALUES (1048,2,12,'check_ssh_memory','NULL',0);
INSERT INTO icinga_objects VALUES (1049,2,12,'check_ssh_swap','NULL',0);
INSERT INTO icinga_objects VALUES (1050,2,12,'check_tcp','NULL',0);
INSERT INTO icinga_objects VALUES (1051,2,12,'check_telnet','NULL',0);
INSERT INTO icinga_objects VALUES (1052,2,12,'check_temptrax','NULL',0);
INSERT INTO icinga_objects VALUES (1053,2,12,'check_udp','NULL',0);
INSERT INTO icinga_objects VALUES (1054,2,12,'host-notify-by-email','NULL',0);
INSERT INTO icinga_objects VALUES (1055,2,12,'host-notify-by-epager','NULL',0);
INSERT INTO icinga_objects VALUES (1056,2,12,'notify-by-email','NULL',0);
INSERT INTO icinga_objects VALUES (1057,2,12,'notify-by-epager','NULL',0);
INSERT INTO icinga_objects VALUES (1058,2,12,'process-host-perfdata','NULL',0);
INSERT INTO icinga_objects VALUES (1059,2,12,'process-service-perfdata','NULL',0);
INSERT INTO icinga_objects VALUES (1060,2,12,'process-service-perfdata-file','NULL',0);
INSERT INTO icinga_objects VALUES (1061,2,9,'24x7','NULL',0);
INSERT INTO icinga_objects VALUES (1062,2,9,'none','NULL',0);
INSERT INTO icinga_objects VALUES (1063,2,9,'nonworkhours','NULL',0);
INSERT INTO icinga_objects VALUES (1064,2,9,'workhours','NULL',0);
INSERT INTO icinga_objects VALUES (1065,2,10,'gheinzelmann','NULL',0);
INSERT INTO icinga_objects VALUES (1066,2,12,'1','NULL',0);
INSERT INTO icinga_objects VALUES (1067,2,12,'2','NULL',0);
INSERT INTO icinga_objects VALUES (1068,2,12,'3','NULL',0);
INSERT INTO icinga_objects VALUES (1069,2,12,'4','NULL',0);
INSERT INTO icinga_objects VALUES (1070,2,12,'5','NULL',0);
INSERT INTO icinga_objects VALUES (1071,2,12,'6','NULL',0);
INSERT INTO icinga_objects VALUES (1072,2,10,'icinga-admin','NULL',0);
INSERT INTO icinga_objects VALUES (1073,2,10,'pmayer','NULL',0);
INSERT INTO icinga_objects VALUES (1074,2,11,'admins','NULL',0);
INSERT INTO icinga_objects VALUES (1075,2,1,'c1-db1','NULL',0);
INSERT INTO icinga_objects VALUES (1076,2,1,'c1-switch','NULL',0);
INSERT INTO icinga_objects VALUES (1077,2,1,'c1-db2','NULL',0);
INSERT INTO icinga_objects VALUES (1078,2,1,'c1-fw','NULL',0);
INSERT INTO icinga_objects VALUES (1079,2,1,'c1-router','NULL',0);
INSERT INTO icinga_objects VALUES (1080,2,1,'c1-http','NULL',0);
INSERT INTO icinga_objects VALUES (1081,2,1,'c1-mail1','NULL',0);
INSERT INTO icinga_objects VALUES (1082,2,1,'c1-mail2','NULL',0);
INSERT INTO icinga_objects VALUES (1083,2,1,'c1-nagios','NULL',0);
INSERT INTO icinga_objects VALUES (1084,2,1,'monitor','NULL',0);
INSERT INTO icinga_objects VALUES (1085,2,1,'c1-tt1','NULL',0);
INSERT INTO icinga_objects VALUES (1086,2,1,'c2-app-1','NULL',0);
INSERT INTO icinga_objects VALUES (1087,2,1,'c2-switch-1','NULL',0);
INSERT INTO icinga_objects VALUES (1088,2,1,'c2-dbserver-1','NULL',0);
INSERT INTO icinga_objects VALUES (1089,2,1,'c2-file-1','NULL',0);
INSERT INTO icinga_objects VALUES (1090,2,1,'c2-fw-1','NULL',0);
INSERT INTO icinga_objects VALUES (1091,2,1,'c2-mail-1','NULL',0);
INSERT INTO icinga_objects VALUES (1092,2,1,'c2-printserver-1','NULL',0);
INSERT INTO icinga_objects VALUES (1093,2,1,'c2-proxy','NULL',0);
INSERT INTO icinga_objects VALUES (1094,2,1,'c2-router-1','NULL',0);
INSERT INTO icinga_objects VALUES (1095,2,1,'gmx-pop','NULL',0);
INSERT INTO icinga_objects VALUES (1096,2,1,'gmx-smtp','NULL',0);
INSERT INTO icinga_objects VALUES (1097,2,1,'gmx-www','NULL',0);
INSERT INTO icinga_objects VALUES (1098,2,1,'google-smtp','NULL',0);
INSERT INTO icinga_objects VALUES (1099,2,1,'google-www','NULL',0);
INSERT INTO icinga_objects VALUES (10100,2,1,'web_de-pop','NULL',0);
INSERT INTO icinga_objects VALUES (10101,2,1,'web_de-smtp','NULL',0);
INSERT INTO icinga_objects VALUES (10102,2,1,'web_de-www','NULL',0);
INSERT INTO icinga_objects VALUES (10103,2,1,'yahoo-smtp','NULL',0);
INSERT INTO icinga_objects VALUES (10104,2,1,'yahoo-www','NULL',0);
INSERT INTO icinga_objects VALUES (10105,2,3,'company1','NULL',0);
INSERT INTO icinga_objects VALUES (10106,2,3,'company2','NULL',0);
INSERT INTO icinga_objects VALUES (10107,2,3,'demo-hardware','NULL',0);
INSERT INTO icinga_objects VALUES (10108,2,3,'gmx','NULL',0);
INSERT INTO icinga_objects VALUES (10109,2,3,'google','NULL',0);
INSERT INTO icinga_objects VALUES (10110,2,3,'mail_servers','NULL',0);
INSERT INTO icinga_objects VALUES (10111,2,3,'monitors','NULL',0);
INSERT INTO icinga_objects VALUES (10112,2,3,'web_de','NULL',0);
INSERT INTO icinga_objects VALUES (10113,2,3,'web_servers','NULL',0);
INSERT INTO icinga_objects VALUES (10114,2,3,'yahoo','NULL',0);
INSERT INTO icinga_objects VALUES (10115,2,2,'c1-db1','MySQL',1);
INSERT INTO icinga_objects VALUES (10116,2,2,'c1-db1','PING',1);
INSERT INTO icinga_objects VALUES (10117,2,2,'c1-db2','MySQL',1);
INSERT INTO icinga_objects VALUES (10118,2,2,'c1-db2','PING',1);
INSERT INTO icinga_objects VALUES (10119,2,2,'c1-fw','PING',1);
INSERT INTO icinga_objects VALUES (10120,2,2,'c1-http','HTTP',1);
INSERT INTO icinga_objects VALUES (10121,2,2,'c1-http','PING',1);
INSERT INTO icinga_objects VALUES (10122,2,2,'c1-mail1','MailQ',1);
INSERT INTO icinga_objects VALUES (10123,2,2,'c1-mail1','PING',1);
INSERT INTO icinga_objects VALUES (10124,2,2,'c1-mail2','MailQ',1);
INSERT INTO icinga_objects VALUES (10125,2,2,'c1-mail2','PING',1);
INSERT INTO icinga_objects VALUES (10126,2,2,'c1-nagios','PING',1);
INSERT INTO icinga_objects VALUES (10127,2,2,'c1-router','PING',1);
INSERT INTO icinga_objects VALUES (10128,2,2,'c1-switch','PING',1);
INSERT INTO icinga_objects VALUES (10129,2,2,'c1-tt1','Humidity',1);
INSERT INTO icinga_objects VALUES (10130,2,2,'c1-tt1','PING',1);
INSERT INTO icinga_objects VALUES (10131,2,2,'c1-tt1','Temperature',1);
INSERT INTO icinga_objects VALUES (10132,2,2,'c2-app-1','HTTP',1);
INSERT INTO icinga_objects VALUES (10133,2,2,'c2-app-1','PING',1);
INSERT INTO icinga_objects VALUES (10134,2,2,'c2-app-1','WinDisk',1);
INSERT INTO icinga_objects VALUES (10135,2,2,'c2-dbserver-1','MySQL',1);
INSERT INTO icinga_objects VALUES (10136,2,2,'c2-dbserver-1','PING',1);
INSERT INTO icinga_objects VALUES (10137,2,2,'c2-file-1','PING',1);
INSERT INTO icinga_objects VALUES (10138,2,2,'c2-fw-1','PING',1);
INSERT INTO icinga_objects VALUES (10139,2,2,'c2-mail-1','MailQ',1);
INSERT INTO icinga_objects VALUES (10140,2,2,'c2-mail-1','PING',1);
INSERT INTO icinga_objects VALUES (10141,2,2,'c2-printserver-1','PING',1);
INSERT INTO icinga_objects VALUES (10142,2,2,'c2-proxy','PING',1);
INSERT INTO icinga_objects VALUES (10143,2,2,'c2-router-1','PING',1);
INSERT INTO icinga_objects VALUES (10144,2,2,'c2-switch-1','PING',1);
INSERT INTO icinga_objects VALUES (10145,2,2,'gmx-pop','POP3',1);
INSERT INTO icinga_objects VALUES (10146,2,2,'gmx-smtp','SMTP',1);
INSERT INTO icinga_objects VALUES (10147,2,2,'gmx-www','HTTP',1);
INSERT INTO icinga_objects VALUES (10148,2,2,'google-smtp','SMTP',1);
INSERT INTO icinga_objects VALUES (10149,2,2,'google-www','HTTP',1);
INSERT INTO icinga_objects VALUES (10150,2,2,'monitor','Current Load',1);
INSERT INTO icinga_objects VALUES (10151,2,2,'monitor','Current Users',1);
INSERT INTO icinga_objects VALUES (10152,2,2,'monitor','PING',1);
INSERT INTO icinga_objects VALUES (10153,2,2,'monitor','Root Partition',1);
INSERT INTO icinga_objects VALUES (10154,2,2,'monitor','Total Processes',1);
INSERT INTO icinga_objects VALUES (10155,2,2,'web_de-pop','POP3',1);
INSERT INTO icinga_objects VALUES (10156,2,2,'web_de-smtp','SMTP',1);
INSERT INTO icinga_objects VALUES (10157,2,2,'web_de-www','HTTP',1);
INSERT INTO icinga_objects VALUES (10158,2,2,'yahoo-smtp','SMTP',1);
INSERT INTO icinga_objects VALUES (10159,2,2,'yahoo-www','HTTP',1);
INSERT INTO icinga_objects VALUES (10160,2,4,'database','NULL',0);
INSERT INTO icinga_objects VALUES (10161,2,4,'local','NULL',0);
INSERT INTO icinga_objects VALUES (10162,2,4,'mail','NULL',0);
INSERT INTO icinga_objects VALUES (10163,2,4,'network','NULL',0);
INSERT INTO icinga_objects VALUES (10164,2,4,'web','NULL',0);
INSERT INTO icinga_objects VALUES (10165,2,12,'check-dns-vnd','NULL',0);
INSERT INTO icinga_objects VALUES (10166,2,12,'check-dummyservice-vnd','NULL',0);
INSERT INTO icinga_objects VALUES (10167,2,12,'check-groupdav-vnd','NULL',0);
INSERT INTO icinga_objects VALUES (10168,2,12,'check-host-alive','NULL',0);
INSERT INTO icinga_objects VALUES (10169,2,12,'check-host-vnd','NULL',0);
INSERT INTO icinga_objects VALUES (10170,2,12,'check-http-vnd','NULL',0);
INSERT INTO icinga_objects VALUES (10171,2,12,'check-https-vnd','NULL',0);
INSERT INTO icinga_objects VALUES (10172,2,12,'check-humi-vnd','NULL',0);
INSERT INTO icinga_objects VALUES (10173,2,12,'check-imap-vnd','NULL',0);
INSERT INTO icinga_objects VALUES (10174,2,12,'check-mailq-vnd','NULL',0);
INSERT INTO icinga_objects VALUES (10175,2,12,'check-ping-vnd','NULL',0);
INSERT INTO icinga_objects VALUES (10176,2,12,'check-provider-vnd','NULL',0);
INSERT INTO icinga_objects VALUES (10177,2,12,'check-select-vnd','NULL',0);
INSERT INTO icinga_objects VALUES (10178,2,12,'check-smtp-vnd','NULL',0);
INSERT INTO icinga_objects VALUES (10179,2,12,'check-sql-vnd','NULL',0);
INSERT INTO icinga_objects VALUES (10180,2,12,'check-temp-vnd','NULL',0);
INSERT INTO icinga_objects VALUES (10181,2,12,'check-windisk-vnd','NULL',0);
INSERT INTO icinga_objects VALUES (10182,2,12,'check_akcp','NULL',0);
INSERT INTO icinga_objects VALUES (10183,2,12,'check_dns','NULL',0);
INSERT INTO icinga_objects VALUES (10184,2,12,'check_ftp','NULL',0);
INSERT INTO icinga_objects VALUES (10185,2,12,'check_hpjd','NULL',0);
INSERT INTO icinga_objects VALUES (10186,2,12,'check_http','NULL',0);
INSERT INTO icinga_objects VALUES (10187,2,12,'check_local_disk','NULL',0);
INSERT INTO icinga_objects VALUES (10188,2,12,'check_local_load','NULL',0);
INSERT INTO icinga_objects VALUES (10189,2,12,'check_local_procs','NULL',0);
INSERT INTO icinga_objects VALUES (10190,2,12,'check_local_users','NULL',0);
INSERT INTO icinga_objects VALUES (10191,2,12,'check_messpc','NULL',0);
INSERT INTO icinga_objects VALUES (10192,2,12,'check_nntp','NULL',0);
INSERT INTO icinga_objects VALUES (10193,2,12,'check_nsclient_auslagerungsdatei','NULL',0);
INSERT INTO icinga_objects VALUES (10194,2,12,'check_nsclient_clientversion','NULL',0);
INSERT INTO icinga_objects VALUES (10195,2,12,'check_nsclient_disk','NULL',0);
INSERT INTO icinga_objects VALUES (10196,2,12,'check_nsclient_load','NULL',0);
INSERT INTO icinga_objects VALUES (10197,2,12,'check_nsclient_memuse','NULL',0);
INSERT INTO icinga_objects VALUES (10198,2,12,'check_nsclient_pagefile','NULL',0);
INSERT INTO icinga_objects VALUES (10199,2,12,'check_nsclient_process','NULL',0);
INSERT INTO icinga_objects VALUES (10200,2,12,'check_nsclient_prozesse','NULL',0);
INSERT INTO icinga_objects VALUES (10201,2,12,'check_nsclient_service','NULL',0);
INSERT INTO icinga_objects VALUES (10202,2,12,'check_nsclient_uptime','NULL',0);
INSERT INTO icinga_objects VALUES (10203,2,12,'check_ping','NULL',0);
INSERT INTO icinga_objects VALUES (10204,2,12,'check_ping2','NULL',0);
INSERT INTO icinga_objects VALUES (10205,2,12,'check_pop','NULL',0);
INSERT INTO icinga_objects VALUES (10206,2,12,'check_senturion','NULL',0);
INSERT INTO icinga_objects VALUES (10207,2,12,'check_serverview','NULL',0);
INSERT INTO icinga_objects VALUES (10208,2,12,'check_smtp','NULL',0);
INSERT INTO icinga_objects VALUES (10209,2,12,'check_ssh','NULL',0);
INSERT INTO icinga_objects VALUES (10210,2,12,'check_ssh_disk','NULL',0);
INSERT INTO icinga_objects VALUES (10211,2,12,'check_ssh_load','NULL',0);
INSERT INTO icinga_objects VALUES (10212,2,12,'check_ssh_memory','NULL',0);
INSERT INTO icinga_objects VALUES (10213,2,12,'check_ssh_swap','NULL',0);
INSERT INTO icinga_objects VALUES (10214,2,12,'check_tcp','NULL',0);
INSERT INTO icinga_objects VALUES (10215,2,12,'check_telnet','NULL',0);
INSERT INTO icinga_objects VALUES (10216,2,12,'check_temptrax','NULL',0);
INSERT INTO icinga_objects VALUES (10217,2,12,'check_udp','NULL',0);
INSERT INTO icinga_objects VALUES (10218,2,12,'host-notify-by-email','NULL',0);
INSERT INTO icinga_objects VALUES (10219,2,12,'host-notify-by-epager','NULL',0);
INSERT INTO icinga_objects VALUES (10220,2,12,'notify-by-email','NULL',0);
INSERT INTO icinga_objects VALUES (10221,2,12,'notify-by-epager','NULL',0);
INSERT INTO icinga_objects VALUES (10222,2,12,'process-host-perfdata','NULL',0);
INSERT INTO icinga_objects VALUES (10223,2,12,'process-service-perfdata','NULL',0);
INSERT INTO icinga_objects VALUES (10224,2,12,'process-service-perfdata-file','NULL',0);
INSERT INTO icinga_objects VALUES (10225,2,9,'24x7','NULL',0);
INSERT INTO icinga_objects VALUES (10226,2,9,'none','NULL',0);
INSERT INTO icinga_objects VALUES (10227,2,9,'nonworkhours','NULL',0);
INSERT INTO icinga_objects VALUES (10228,2,9,'workhours','NULL',0);
INSERT INTO icinga_objects VALUES (10229,2,10,'gheinzelmann','NULL',0);
INSERT INTO icinga_objects VALUES (10230,2,12,'1','NULL',0);
INSERT INTO icinga_objects VALUES (10231,2,12,'2','NULL',0);
INSERT INTO icinga_objects VALUES (10232,2,12,'3','NULL',0);
INSERT INTO icinga_objects VALUES (10233,2,12,'4','NULL',0);
INSERT INTO icinga_objects VALUES (10234,2,12,'5','NULL',0);
INSERT INTO icinga_objects VALUES (10235,2,12,'6','NULL',0);
INSERT INTO icinga_objects VALUES (10236,2,10,'icinga-admin','NULL',0);
INSERT INTO icinga_objects VALUES (10237,2,10,'pmayer','NULL',0);
INSERT INTO icinga_objects VALUES (10238,2,11,'admins','NULL',0);
INSERT INTO icinga_objects VALUES (10239,2,1,'c1-db1','NULL',0);
INSERT INTO icinga_objects VALUES (10240,2,1,'c1-switch','NULL',0);
INSERT INTO icinga_objects VALUES (10241,2,1,'c1-db2','NULL',0);
INSERT INTO icinga_objects VALUES (10242,2,1,'c1-fw','NULL',0);
INSERT INTO icinga_objects VALUES (10243,2,1,'c1-router','NULL',0);
INSERT INTO icinga_objects VALUES (10244,2,1,'c1-http','NULL',0);
INSERT INTO icinga_objects VALUES (10245,2,1,'c1-mail1','NULL',0);
INSERT INTO icinga_objects VALUES (10246,2,1,'c1-mail2','NULL',0);
INSERT INTO icinga_objects VALUES (10247,2,1,'c1-nagios','NULL',0);
INSERT INTO icinga_objects VALUES (10248,2,1,'monitor','NULL',0);
INSERT INTO icinga_objects VALUES (10249,2,1,'c1-tt1','NULL',0);
INSERT INTO icinga_objects VALUES (10250,2,1,'c2-app-1','NULL',0);
INSERT INTO icinga_objects VALUES (10251,2,1,'c2-switch-1','NULL',0);
INSERT INTO icinga_objects VALUES (10252,2,1,'c2-dbserver-1','NULL',0);
INSERT INTO icinga_objects VALUES (10253,2,1,'c2-file-1','NULL',0);
INSERT INTO icinga_objects VALUES (10254,2,1,'c2-fw-1','NULL',0);
INSERT INTO icinga_objects VALUES (10255,2,1,'c2-mail-1','NULL',0);
INSERT INTO icinga_objects VALUES (10256,2,1,'c2-printserver-1','NULL',0);
INSERT INTO icinga_objects VALUES (10257,2,1,'c2-proxy','NULL',0);
INSERT INTO icinga_objects VALUES (10258,2,1,'c2-router-1','NULL',0);
INSERT INTO icinga_objects VALUES (10259,2,1,'gmx-pop','NULL',0);
INSERT INTO icinga_objects VALUES (10260,2,1,'gmx-smtp','NULL',0);
INSERT INTO icinga_objects VALUES (10261,2,1,'gmx-www','NULL',0);
INSERT INTO icinga_objects VALUES (10262,2,1,'google-smtp','NULL',0);
INSERT INTO icinga_objects VALUES (10263,2,1,'google-www','NULL',0);
INSERT INTO icinga_objects VALUES (10264,2,1,'web_de-pop','NULL',0);
INSERT INTO icinga_objects VALUES (10265,2,1,'web_de-smtp','NULL',0);
INSERT INTO icinga_objects VALUES (10266,2,1,'web_de-www','NULL',0);
INSERT INTO icinga_objects VALUES (10267,2,1,'yahoo-smtp','NULL',0);
INSERT INTO icinga_objects VALUES (10268,2,1,'yahoo-www','NULL',0);
INSERT INTO icinga_objects VALUES (10269,2,3,'company1','NULL',0);
INSERT INTO icinga_objects VALUES (10270,2,3,'company2','NULL',0);
INSERT INTO icinga_objects VALUES (10271,2,3,'demo-hardware','NULL',0);
INSERT INTO icinga_objects VALUES (10272,2,3,'gmx','NULL',0);
INSERT INTO icinga_objects VALUES (10273,2,3,'google','NULL',0);
INSERT INTO icinga_objects VALUES (10274,2,3,'mail_servers','NULL',0);
INSERT INTO icinga_objects VALUES (10275,2,3,'monitors','NULL',0);
INSERT INTO icinga_objects VALUES (10276,2,3,'web_de','NULL',0);
INSERT INTO icinga_objects VALUES (10277,2,3,'web_servers','NULL',0);
INSERT INTO icinga_objects VALUES (10278,2,3,'yahoo','NULL',0);
INSERT INTO icinga_objects VALUES (10279,2,2,'c1-db1','MySQL',0);
INSERT INTO icinga_objects VALUES (10280,2,2,'c1-db1','PING',0);
INSERT INTO icinga_objects VALUES (10281,2,2,'c1-db2','MySQL',0);
INSERT INTO icinga_objects VALUES (10282,2,2,'c1-db2','PING',0);
INSERT INTO icinga_objects VALUES (10283,2,2,'c1-fw','PING',0);
INSERT INTO icinga_objects VALUES (10284,2,2,'c1-http','HTTP',0);
INSERT INTO icinga_objects VALUES (10285,2,2,'c1-http','PING',0);
INSERT INTO icinga_objects VALUES (10286,2,2,'c1-mail1','MailQ',0);
INSERT INTO icinga_objects VALUES (10287,2,2,'c1-mail1','PING',0);
INSERT INTO icinga_objects VALUES (10288,2,2,'c1-mail2','MailQ',0);
INSERT INTO icinga_objects VALUES (10289,2,2,'c1-mail2','PING',0);
INSERT INTO icinga_objects VALUES (10290,2,2,'c1-nagios','PING',0);
INSERT INTO icinga_objects VALUES (10291,2,2,'c1-router','PING',0);
INSERT INTO icinga_objects VALUES (10292,2,2,'c1-switch','PING',0);
INSERT INTO icinga_objects VALUES (10293,2,2,'c1-tt1','Humidity',0);
INSERT INTO icinga_objects VALUES (10294,2,2,'c1-tt1','PING',0);
INSERT INTO icinga_objects VALUES (10295,2,2,'c1-tt1','Temperature',0);
INSERT INTO icinga_objects VALUES (10296,2,2,'c2-app-1','HTTP',0);
INSERT INTO icinga_objects VALUES (10297,2,2,'c2-app-1','PING',0);
INSERT INTO icinga_objects VALUES (10298,2,2,'c2-app-1','WinDisk',0);
INSERT INTO icinga_objects VALUES (10299,2,2,'c2-dbserver-1','MySQL',0);
INSERT INTO icinga_objects VALUES (10300,2,2,'c2-dbserver-1','PING',0);
INSERT INTO icinga_objects VALUES (10301,2,2,'c2-file-1','PING',0);
INSERT INTO icinga_objects VALUES (10302,2,2,'c2-fw-1','PING',0);
INSERT INTO icinga_objects VALUES (10303,2,2,'c2-mail-1','MailQ',0);
INSERT INTO icinga_objects VALUES (10304,2,2,'c2-mail-1','PING',0);
INSERT INTO icinga_objects VALUES (10305,2,2,'c2-printserver-1','PING',0);
INSERT INTO icinga_objects VALUES (10306,2,2,'c2-proxy','PING',0);
INSERT INTO icinga_objects VALUES (10307,2,2,'c2-router-1','PING',0);
INSERT INTO icinga_objects VALUES (10308,2,2,'c2-switch-1','PING',0);
INSERT INTO icinga_objects VALUES (10309,2,2,'gmx-pop','POP3',0);
INSERT INTO icinga_objects VALUES (10310,2,2,'gmx-smtp','SMTP',0);
INSERT INTO icinga_objects VALUES (10311,2,2,'gmx-www','HTTP',0);
INSERT INTO icinga_objects VALUES (10312,2,2,'google-smtp','SMTP',0);
INSERT INTO icinga_objects VALUES (10313,2,2,'google-www','HTTP',0);
INSERT INTO icinga_objects VALUES (10314,2,2,'monitor','Current Load',0);
INSERT INTO icinga_objects VALUES (10315,2,2,'monitor','Current Users',0);
INSERT INTO icinga_objects VALUES (10316,2,2,'monitor','PING',0);
INSERT INTO icinga_objects VALUES (10317,2,2,'monitor','Root Partition',0);
INSERT INTO icinga_objects VALUES (10318,2,2,'monitor','Total Processes',0);
INSERT INTO icinga_objects VALUES (10319,2,2,'web_de-pop','POP3',0);
INSERT INTO icinga_objects VALUES (10320,2,2,'web_de-smtp','SMTP',0);
INSERT INTO icinga_objects VALUES (10321,2,2,'web_de-www','HTTP',0);
INSERT INTO icinga_objects VALUES (10322,2,2,'yahoo-smtp','SMTP',0);
INSERT INTO icinga_objects VALUES (10323,2,2,'yahoo-www','HTTP',0);
INSERT INTO icinga_objects VALUES (10324,2,4,'database','NULL',0);
INSERT INTO icinga_objects VALUES (10325,2,4,'local','NULL',0);
INSERT INTO icinga_objects VALUES (10326,2,4,'mail','NULL',0);
INSERT INTO icinga_objects VALUES (10327,2,4,'network','NULL',0);
INSERT INTO icinga_objects VALUES (10328,2,4,'web','NULL',0);
INSERT INTO icinga_objects VALUES (10329,2,12,'check-dns-vnd',NULL,1);
INSERT INTO icinga_objects VALUES (10330,2,12,'check-dummyservice-vnd',NULL,1);
INSERT INTO icinga_objects VALUES (10331,2,12,'check-groupdav-vnd',NULL,1);
INSERT INTO icinga_objects VALUES (10332,2,12,'check-host-alive',NULL,1);
INSERT INTO icinga_objects VALUES (10333,2,12,'check-host-vnd',NULL,1);
INSERT INTO icinga_objects VALUES (10334,2,12,'check-http-vnd',NULL,1);
INSERT INTO icinga_objects VALUES (10335,2,12,'check-https-vnd',NULL,1);
INSERT INTO icinga_objects VALUES (10336,2,12,'check-humi-vnd',NULL,1);
INSERT INTO icinga_objects VALUES (10337,2,12,'check-imap-vnd',NULL,1);
INSERT INTO icinga_objects VALUES (10338,2,12,'check-mailq-vnd',NULL,1);
INSERT INTO icinga_objects VALUES (10339,2,12,'check-ping-vnd',NULL,1);
INSERT INTO icinga_objects VALUES (10340,2,12,'check-provider-vnd',NULL,1);
INSERT INTO icinga_objects VALUES (10341,2,12,'check-select-vnd',NULL,1);
INSERT INTO icinga_objects VALUES (10342,2,12,'check-smtp-vnd',NULL,1);
INSERT INTO icinga_objects VALUES (10343,2,12,'check-sql-vnd',NULL,1);
INSERT INTO icinga_objects VALUES (10344,2,12,'check-temp-vnd',NULL,1);
INSERT INTO icinga_objects VALUES (10345,2,12,'check-windisk-vnd',NULL,1);
INSERT INTO icinga_objects VALUES (10346,2,12,'check_akcp',NULL,1);
INSERT INTO icinga_objects VALUES (10347,2,12,'check_dns',NULL,1);
INSERT INTO icinga_objects VALUES (10348,2,12,'check_ftp',NULL,1);
INSERT INTO icinga_objects VALUES (10349,2,12,'check_hpjd',NULL,1);
INSERT INTO icinga_objects VALUES (10350,2,12,'check_http',NULL,1);
INSERT INTO icinga_objects VALUES (10351,2,12,'check_local_disk',NULL,1);
INSERT INTO icinga_objects VALUES (10352,2,12,'check_local_load',NULL,1);
INSERT INTO icinga_objects VALUES (10353,2,12,'check_local_procs',NULL,1);
INSERT INTO icinga_objects VALUES (10354,2,12,'check_local_users',NULL,1);
INSERT INTO icinga_objects VALUES (10355,2,12,'check_messpc',NULL,1);
INSERT INTO icinga_objects VALUES (10356,2,12,'check_nntp',NULL,1);
INSERT INTO icinga_objects VALUES (10357,2,12,'check_nsclient_auslagerungsdatei',NULL,1);
INSERT INTO icinga_objects VALUES (10358,2,12,'check_nsclient_clientversion',NULL,1);
INSERT INTO icinga_objects VALUES (10359,2,12,'check_nsclient_disk',NULL,1);
INSERT INTO icinga_objects VALUES (10360,2,12,'check_nsclient_load',NULL,1);
INSERT INTO icinga_objects VALUES (10361,2,12,'check_nsclient_memuse',NULL,1);
INSERT INTO icinga_objects VALUES (10362,2,12,'check_nsclient_pagefile',NULL,1);
INSERT INTO icinga_objects VALUES (10363,2,12,'check_nsclient_process',NULL,1);
INSERT INTO icinga_objects VALUES (10364,2,12,'check_nsclient_prozesse',NULL,1);
INSERT INTO icinga_objects VALUES (10365,2,12,'check_nsclient_service',NULL,1);
INSERT INTO icinga_objects VALUES (10366,2,12,'check_nsclient_uptime',NULL,1);
INSERT INTO icinga_objects VALUES (10367,2,12,'check_ping',NULL,1);
INSERT INTO icinga_objects VALUES (10368,2,12,'check_ping2',NULL,1);
INSERT INTO icinga_objects VALUES (10369,2,12,'check_pop',NULL,1);
INSERT INTO icinga_objects VALUES (10370,2,12,'check_senturion',NULL,1);
INSERT INTO icinga_objects VALUES (10371,2,12,'check_serverview',NULL,1);
INSERT INTO icinga_objects VALUES (10372,2,12,'check_smtp',NULL,1);
INSERT INTO icinga_objects VALUES (10373,2,12,'check_ssh',NULL,1);
INSERT INTO icinga_objects VALUES (10374,2,12,'check_ssh_disk',NULL,1);
INSERT INTO icinga_objects VALUES (10375,2,12,'check_ssh_load',NULL,1);
INSERT INTO icinga_objects VALUES (10376,2,12,'check_ssh_memory',NULL,1);
INSERT INTO icinga_objects VALUES (10377,2,12,'check_ssh_swap',NULL,1);
INSERT INTO icinga_objects VALUES (10378,2,12,'check_tcp',NULL,1);
INSERT INTO icinga_objects VALUES (10379,2,12,'check_telnet',NULL,1);
INSERT INTO icinga_objects VALUES (10380,2,12,'check_temptrax',NULL,1);
INSERT INTO icinga_objects VALUES (10381,2,12,'check_udp',NULL,1);
INSERT INTO icinga_objects VALUES (10382,2,12,'host-notify-by-email',NULL,1);
INSERT INTO icinga_objects VALUES (10383,2,12,'host-notify-by-epager',NULL,1);
INSERT INTO icinga_objects VALUES (10384,2,12,'notify-by-email',NULL,1);
INSERT INTO icinga_objects VALUES (10385,2,12,'notify-by-epager',NULL,1);
INSERT INTO icinga_objects VALUES (10386,2,12,'process-host-perfdata',NULL,1);
INSERT INTO icinga_objects VALUES (10387,2,12,'process-service-perfdata',NULL,1);
INSERT INTO icinga_objects VALUES (10388,2,12,'process-service-perfdata-file',NULL,1);
INSERT INTO icinga_objects VALUES (10389,2,9,'24x7',NULL,1);
INSERT INTO icinga_objects VALUES (10390,2,9,'none',NULL,1);
INSERT INTO icinga_objects VALUES (10391,2,9,'nonworkhours',NULL,1);
INSERT INTO icinga_objects VALUES (10392,2,9,'workhours',NULL,1);
INSERT INTO icinga_objects VALUES (10393,2,10,'gheinzelmann',NULL,1);
INSERT INTO icinga_objects VALUES (10394,2,12,'1',NULL,0);
INSERT INTO icinga_objects VALUES (10395,2,12,'2',NULL,0);
INSERT INTO icinga_objects VALUES (10396,2,12,'3',NULL,0);
INSERT INTO icinga_objects VALUES (10397,2,12,'4',NULL,0);
INSERT INTO icinga_objects VALUES (10398,2,12,'5',NULL,0);
INSERT INTO icinga_objects VALUES (10399,2,12,'6',NULL,0);
INSERT INTO icinga_objects VALUES (10400,2,10,'icinga-admin',NULL,1);
INSERT INTO icinga_objects VALUES (10401,2,10,'pmayer',NULL,1);
INSERT INTO icinga_objects VALUES (10402,2,11,'admins',NULL,1);
INSERT INTO icinga_objects VALUES (10403,2,1,'c1-db1',NULL,1);
INSERT INTO icinga_objects VALUES (10404,2,1,'c1-switch',NULL,1);
INSERT INTO icinga_objects VALUES (10405,2,1,'c1-db2',NULL,1);
INSERT INTO icinga_objects VALUES (10406,2,1,'c1-fw',NULL,1);
INSERT INTO icinga_objects VALUES (10407,2,1,'c1-router',NULL,1);
INSERT INTO icinga_objects VALUES (10408,2,1,'c1-http',NULL,1);
INSERT INTO icinga_objects VALUES (10409,2,1,'c1-mail1',NULL,1);
INSERT INTO icinga_objects VALUES (10410,2,1,'c1-mail2',NULL,1);
INSERT INTO icinga_objects VALUES (10411,2,1,'c1-nagios',NULL,1);
INSERT INTO icinga_objects VALUES (10412,2,1,'monitor',NULL,1);
INSERT INTO icinga_objects VALUES (10413,2,1,'c1-tt1',NULL,1);
INSERT INTO icinga_objects VALUES (10414,2,1,'c2-app-1',NULL,1);
INSERT INTO icinga_objects VALUES (10415,2,1,'c2-switch-1',NULL,1);
INSERT INTO icinga_objects VALUES (10416,2,1,'c2-dbserver-1',NULL,1);
INSERT INTO icinga_objects VALUES (10417,2,1,'c2-file-1',NULL,1);
INSERT INTO icinga_objects VALUES (10418,2,1,'c2-fw-1',NULL,1);
INSERT INTO icinga_objects VALUES (10419,2,1,'c2-mail-1',NULL,1);
INSERT INTO icinga_objects VALUES (10420,2,1,'c2-printserver-1',NULL,1);
INSERT INTO icinga_objects VALUES (10421,2,1,'c2-proxy',NULL,1);
INSERT INTO icinga_objects VALUES (10422,2,1,'c2-router-1',NULL,1);
INSERT INTO icinga_objects VALUES (10423,2,1,'gmx-pop',NULL,1);
INSERT INTO icinga_objects VALUES (10424,2,1,'gmx-smtp',NULL,1);
INSERT INTO icinga_objects VALUES (10425,2,1,'gmx-www',NULL,1);
INSERT INTO icinga_objects VALUES (10426,2,1,'google-smtp',NULL,1);
INSERT INTO icinga_objects VALUES (10427,2,1,'google-www',NULL,1);
INSERT INTO icinga_objects VALUES (10428,2,1,'web_de-pop',NULL,1);
INSERT INTO icinga_objects VALUES (10429,2,1,'web_de-smtp',NULL,1);
INSERT INTO icinga_objects VALUES (10430,2,1,'web_de-www',NULL,1);
INSERT INTO icinga_objects VALUES (10431,2,1,'yahoo-smtp',NULL,1);
INSERT INTO icinga_objects VALUES (10432,2,1,'yahoo-www',NULL,1);
INSERT INTO icinga_objects VALUES (10433,2,3,'company1',NULL,1);
INSERT INTO icinga_objects VALUES (10434,2,3,'company2',NULL,1);
INSERT INTO icinga_objects VALUES (10435,2,3,'demo-hardware',NULL,1);
INSERT INTO icinga_objects VALUES (10436,2,3,'gmx',NULL,1);
INSERT INTO icinga_objects VALUES (10437,2,3,'google',NULL,1);
INSERT INTO icinga_objects VALUES (10438,2,3,'mail_servers',NULL,1);
INSERT INTO icinga_objects VALUES (10439,2,3,'monitors',NULL,1);
INSERT INTO icinga_objects VALUES (10440,2,3,'web_de',NULL,1);
INSERT INTO icinga_objects VALUES (10441,2,3,'web_servers',NULL,1);
INSERT INTO icinga_objects VALUES (10442,2,3,'yahoo',NULL,1);
INSERT INTO icinga_objects VALUES (10443,2,4,'database',NULL,1);
INSERT INTO icinga_objects VALUES (10444,2,4,'local',NULL,1);
INSERT INTO icinga_objects VALUES (10445,2,4,'mail',NULL,1);
INSERT INTO icinga_objects VALUES (10446,2,4,'network',NULL,1);
INSERT INTO icinga_objects VALUES (10447,2,4,'web',NULL,1);
INSERT INTO icinga_processevents VALUES (101,2,104,'2010-06-09 08:48:15',979184,30060,'Icinga','1.0.1','03-03-2010');
INSERT INTO icinga_processevents VALUES (102,2,100,'2010-06-09 08:48:16',243193,30060,'Icinga','1.0.1','03-03-2010');
INSERT INTO icinga_processevents VALUES (103,2,101,'2010-06-09 08:48:16',839212,30063,'Icinga','1.0.1','03-03-2010');
INSERT INTO icinga_processevents VALUES (104,2,105,'2010-06-09 08:48:17',923248,30063,'Icinga','1.0.1','03-03-2010');
INSERT INTO icinga_processevents VALUES (105,2,104,'2010-06-16 13:58:20',461440,31901,'Icinga','1.0.1','03-03-2010');
INSERT INTO icinga_processevents VALUES (106,2,100,'2010-06-16 13:58:20',597446,31901,'Icinga','1.0.1','03-03-2010');
INSERT INTO icinga_processevents VALUES (107,2,101,'2010-06-16 13:58:20',601446,31902,'Icinga','1.0.1','03-03-2010');
INSERT INTO icinga_processevents VALUES (108,2,105,'2010-06-16 13:58:20',845457,31902,'Icinga','1.0.1','03-03-2010');
INSERT INTO icinga_processevents VALUES (109,2,104,'2010-06-29 13:52:35',256855,2597,'Icinga','1.0.1','03-03-2010');
INSERT INTO icinga_processevents VALUES (1010,2,100,'2010-06-29 13:52:35',488867,2597,'Icinga','1.0.1','03-03-2010');
INSERT INTO icinga_processevents VALUES (1011,2,101,'2010-06-29 13:52:35',492868,2598,'Icinga','1.0.1','03-03-2010');
INSERT INTO icinga_processevents VALUES (1012,2,105,'2010-06-29 13:52:35',596873,2598,'Icinga','1.0.1','03-03-2010');
INSERT INTO icinga_processevents VALUES (1013,2,106,'2010-06-29 13:53:26',251688,2598,'Icinga','1.0.1','03-03-2010');
INSERT INTO icinga_processevents VALUES (1014,2,103,'2010-06-29 13:53:26',251688,2598,'Icinga','1.0.1','03-03-2010');
INSERT INTO icinga_processevents VALUES (1015,2,104,'2010-06-29 13:53:27',295751,2678,'Icinga','1.0.1','03-03-2010');
INSERT INTO icinga_processevents VALUES (1016,2,100,'2010-06-29 13:53:27',311752,2678,'Icinga','1.0.1','03-03-2010');
INSERT INTO icinga_processevents VALUES (1017,2,101,'2010-06-29 13:53:27',311752,2679,'Icinga','1.0.1','03-03-2010');
INSERT INTO icinga_processevents VALUES (1018,2,105,'2010-06-29 13:53:27',323753,2679,'Icinga','1.0.1','03-03-2010');
INSERT INTO icinga_processevents VALUES (1019,2,104,'2010-06-30 12:01:50',992159,23559,'Icinga','1.0.2','06-30-2010');
INSERT INTO icinga_processevents VALUES (1020,2,100,'2010-06-30 12:01:52',568230,23559,'Icinga','1.0.2','06-30-2010');
INSERT INTO icinga_processevents VALUES (1021,2,101,'2010-06-30 12:01:52',772239,23567,'Icinga','1.0.2','06-30-2010');
INSERT INTO icinga_processevents VALUES (1022,2,105,'2010-06-30 12:01:53',588275,23567,'Icinga','1.0.2','06-30-2010');
INSERT INTO icinga_processevents VALUES (1023,2,104,'2010-07-01 13:21:11',195950,2116,'Icinga','1.0.2','06-30-2010');
INSERT INTO icinga_processevents VALUES (1024,2,100,'2010-07-01 13:21:12',12012,2116,'Icinga','1.0.2','06-30-2010');
INSERT INTO icinga_processevents VALUES (1025,2,101,'2010-07-01 13:21:12',948082,2120,'Icinga','1.0.2','06-30-2010');
INSERT INTO icinga_processevents VALUES (1026,2,105,'2010-07-01 13:21:13',60090,2120,'Icinga','1.0.2','06-30-2010');
INSERT INTO icinga_processevents VALUES (1027,2,104,'2010-07-02 15:40:15',196445,12231,'Icinga','1.0.2','06-30-2010');
INSERT INTO icinga_processevents VALUES (1028,2,100,'2010-07-02 15:40:15',540461,12231,'Icinga','1.0.2','06-30-2010');
INSERT INTO icinga_processevents VALUES (1029,2,101,'2010-07-02 15:40:15',544461,12232,'Icinga','1.0.2','06-30-2010');
INSERT INTO icinga_processevents VALUES (1030,2,105,'2010-07-02 15:40:16',156488,12232,'Icinga','1.0.2','06-30-2010');
INSERT INTO icinga_programstatus VALUES (107,2,'2010-07-12 14:26:37','2010-07-02 15:40:14','1970-01-01 00:00:00',1,12232,1,'2010-07-12 14:26:37','2010-07-12 00:00:00',1,1,1,1,1,1,1,1,0,0,0,0,0,'','');
INSERT INTO icinga_runtimevariables VALUES (10109,2,'config_file','/usr/local/icinga/etc/icinga.cfg');
INSERT INTO icinga_runtimevariables VALUES (10110,2,'total_services','45');
INSERT INTO icinga_runtimevariables VALUES (10111,2,'total_scheduled_services','19');
INSERT INTO icinga_runtimevariables VALUES (10112,2,'total_hosts','30');
INSERT INTO icinga_runtimevariables VALUES (10113,2,'total_scheduled_hosts','30');
INSERT INTO icinga_runtimevariables VALUES (10114,2,'average_services_per_host','1.500000');
INSERT INTO icinga_runtimevariables VALUES (10115,2,'average_scheduled_services_per_host','0.633333');
INSERT INTO icinga_runtimevariables VALUES (10116,2,'service_check_interval_total','5700');
INSERT INTO icinga_runtimevariables VALUES (10117,2,'host_check_interval_total','9000');
INSERT INTO icinga_runtimevariables VALUES (10118,2,'average_service_check_interval','300.000000');
INSERT INTO icinga_runtimevariables VALUES (10119,2,'average_host_check_interval','300.000000');
INSERT INTO icinga_runtimevariables VALUES (10120,2,'average_service_inter_check_delay','15.789474');
INSERT INTO icinga_runtimevariables VALUES (10121,2,'average_host_inter_check_delay','10.000000');
INSERT INTO icinga_runtimevariables VALUES (10122,2,'service_inter_check_delay','15.789474');
INSERT INTO icinga_runtimevariables VALUES (10123,2,'host_inter_check_delay','10.000000');
INSERT INTO icinga_runtimevariables VALUES (10124,2,'service_interleave_factor','1');
INSERT INTO icinga_runtimevariables VALUES (10125,2,'max_service_check_spread','30');
INSERT INTO icinga_runtimevariables VALUES (10126,2,'max_host_check_spread','30');
INSERT INTO icinga_service_contactgroups VALUES (10271,2,271,402);
INSERT INTO icinga_service_contactgroups VALUES (10272,2,272,402);
INSERT INTO icinga_service_contactgroups VALUES (10273,2,273,402);
INSERT INTO icinga_service_contactgroups VALUES (10274,2,274,402);
INSERT INTO icinga_service_contactgroups VALUES (10275,2,275,402);
INSERT INTO icinga_service_contactgroups VALUES (10276,2,276,402);
INSERT INTO icinga_service_contactgroups VALUES (10277,2,277,402);
INSERT INTO icinga_service_contactgroups VALUES (10278,2,278,402);
INSERT INTO icinga_service_contactgroups VALUES (10279,2,279,402);
INSERT INTO icinga_service_contactgroups VALUES (10280,2,280,402);
INSERT INTO icinga_service_contactgroups VALUES (10281,2,281,402);
INSERT INTO icinga_service_contactgroups VALUES (10282,2,282,402);
INSERT INTO icinga_service_contactgroups VALUES (10283,2,283,402);
INSERT INTO icinga_service_contactgroups VALUES (10284,2,284,402);
INSERT INTO icinga_service_contactgroups VALUES (10285,2,285,402);
INSERT INTO icinga_service_contactgroups VALUES (10286,2,286,402);
INSERT INTO icinga_service_contactgroups VALUES (10287,2,287,402);
INSERT INTO icinga_service_contactgroups VALUES (10288,2,288,402);
INSERT INTO icinga_service_contactgroups VALUES (10289,2,289,402);
INSERT INTO icinga_service_contactgroups VALUES (10290,2,290,402);
INSERT INTO icinga_service_contactgroups VALUES (10291,2,291,402);
INSERT INTO icinga_service_contactgroups VALUES (10292,2,292,402);
INSERT INTO icinga_service_contactgroups VALUES (10293,2,293,402);
INSERT INTO icinga_service_contactgroups VALUES (10294,2,294,402);
INSERT INTO icinga_service_contactgroups VALUES (10295,2,295,402);
INSERT INTO icinga_service_contactgroups VALUES (10296,2,296,402);
INSERT INTO icinga_service_contactgroups VALUES (10297,2,297,402);
INSERT INTO icinga_service_contactgroups VALUES (10298,2,298,402);
INSERT INTO icinga_service_contactgroups VALUES (10299,2,299,402);
INSERT INTO icinga_service_contactgroups VALUES (10300,2,300,402);
INSERT INTO icinga_service_contactgroups VALUES (10301,2,301,402);
INSERT INTO icinga_service_contactgroups VALUES (10302,2,302,402);
INSERT INTO icinga_service_contactgroups VALUES (10303,2,303,402);
INSERT INTO icinga_service_contactgroups VALUES (10304,2,304,402);
INSERT INTO icinga_service_contactgroups VALUES (10305,2,305,402);
INSERT INTO icinga_service_contactgroups VALUES (10306,2,306,402);
INSERT INTO icinga_service_contactgroups VALUES (10307,2,307,402);
INSERT INTO icinga_service_contactgroups VALUES (10308,2,308,402);
INSERT INTO icinga_service_contactgroups VALUES (10309,2,309,402);
INSERT INTO icinga_service_contactgroups VALUES (10310,2,310,402);
INSERT INTO icinga_service_contactgroups VALUES (10311,2,311,402);
INSERT INTO icinga_service_contactgroups VALUES (10312,2,312,402);
INSERT INTO icinga_service_contactgroups VALUES (10313,2,313,402);
INSERT INTO icinga_service_contactgroups VALUES (10314,2,314,402);
INSERT INTO icinga_service_contactgroups VALUES (10315,2,315,402);
INSERT INTO icinga_servicegroup_members VALUES (10253,2,31,115);
INSERT INTO icinga_servicegroup_members VALUES (10254,2,31,117);
INSERT INTO icinga_servicegroup_members VALUES (10255,2,31,135);
INSERT INTO icinga_servicegroup_members VALUES (10256,2,32,134);
INSERT INTO icinga_servicegroup_members VALUES (10257,2,32,150);
INSERT INTO icinga_servicegroup_members VALUES (10258,2,32,151);
INSERT INTO icinga_servicegroup_members VALUES (10259,2,32,153);
INSERT INTO icinga_servicegroup_members VALUES (10260,2,32,154);
INSERT INTO icinga_servicegroup_members VALUES (10261,2,33,122);
INSERT INTO icinga_servicegroup_members VALUES (10262,2,33,124);
INSERT INTO icinga_servicegroup_members VALUES (10263,2,33,139);
INSERT INTO icinga_servicegroup_members VALUES (10264,2,33,145);
INSERT INTO icinga_servicegroup_members VALUES (10265,2,33,146);
INSERT INTO icinga_servicegroup_members VALUES (10266,2,33,148);
INSERT INTO icinga_servicegroup_members VALUES (10267,2,33,155);
INSERT INTO icinga_servicegroup_members VALUES (10268,2,33,156);
INSERT INTO icinga_servicegroup_members VALUES (10269,2,33,158);
INSERT INTO icinga_servicegroup_members VALUES (10270,2,34,115);
INSERT INTO icinga_servicegroup_members VALUES (10271,2,34,117);
INSERT INTO icinga_servicegroup_members VALUES (10272,2,34,120);
INSERT INTO icinga_servicegroup_members VALUES (10273,2,34,122);
INSERT INTO icinga_servicegroup_members VALUES (10274,2,34,124);
INSERT INTO icinga_servicegroup_members VALUES (10275,2,34,132);
INSERT INTO icinga_servicegroup_members VALUES (10276,2,34,135);
INSERT INTO icinga_servicegroup_members VALUES (10277,2,34,139);
INSERT INTO icinga_servicegroup_members VALUES (10278,2,34,145);
INSERT INTO icinga_servicegroup_members VALUES (10279,2,34,146);
INSERT INTO icinga_servicegroup_members VALUES (10280,2,34,147);
INSERT INTO icinga_servicegroup_members VALUES (10281,2,34,148);
INSERT INTO icinga_servicegroup_members VALUES (10282,2,34,149);
INSERT INTO icinga_servicegroup_members VALUES (10283,2,34,152);
INSERT INTO icinga_servicegroup_members VALUES (10284,2,34,155);
INSERT INTO icinga_servicegroup_members VALUES (10285,2,34,156);
INSERT INTO icinga_servicegroup_members VALUES (10286,2,34,157);
INSERT INTO icinga_servicegroup_members VALUES (10287,2,34,158);
INSERT INTO icinga_servicegroup_members VALUES (10288,2,34,159);
INSERT INTO icinga_servicegroup_members VALUES (10289,2,35,120);
INSERT INTO icinga_servicegroup_members VALUES (10290,2,35,132);
INSERT INTO icinga_servicegroup_members VALUES (10291,2,35,147);
INSERT INTO icinga_servicegroup_members VALUES (10292,2,35,149);
INSERT INTO icinga_servicegroup_members VALUES (10293,2,35,157);
INSERT INTO icinga_servicegroup_members VALUES (10294,2,35,159);
INSERT INTO icinga_servicegroups VALUES (1031,2,0,443,'Database services');
INSERT INTO icinga_servicegroups VALUES (1032,2,0,444,'local services');
INSERT INTO icinga_servicegroups VALUES (1033,2,0,445,'Mail services');
INSERT INTO icinga_servicegroups VALUES (1034,2,0,446,'Network services');
INSERT INTO icinga_servicegroups VALUES (1035,2,0,447,'Web services');
INSERT INTO icinga_services VALUES (10271,2,0,403,115,'MySQL',343,'10!20',0,'',389,389,'',5,1,5,0,60,1,1,1,1,0,0,0,0,0,0,0,1,1,1,1,1,0,0,1,0,0,1,1,1,1,1,1,1,1,'','','','','');
INSERT INTO icinga_services VALUES (10272,2,0,403,116,'PING',339,'10!20',0,'',389,389,'',5,1,5,0,60,1,1,1,1,0,0,0,0,0,0,0,1,1,1,1,1,0,0,1,0,0,1,1,1,1,1,1,1,1,'','','','','');
INSERT INTO icinga_services VALUES (10273,2,0,405,117,'MySQL',343,'10!20',0,'',389,389,'',5,1,5,0,60,1,1,1,1,0,0,0,0,0,0,0,1,1,1,1,1,0,0,1,0,0,1,1,1,1,1,1,1,1,'','','','','');
INSERT INTO icinga_services VALUES (10274,2,0,405,118,'PING',339,'10!20',0,'',389,389,'',5,1,5,0,60,1,1,1,1,0,0,0,0,0,0,0,1,1,1,1,1,0,0,1,0,0,1,1,1,1,1,1,1,1,'','','','','');
INSERT INTO icinga_services VALUES (10275,2,0,406,119,'PING',339,'10!20',0,'',389,389,'',5,1,5,0,60,1,1,1,1,0,0,0,0,0,0,0,1,1,1,1,1,0,0,1,0,0,1,1,1,1,1,1,1,1,'','','','','');
INSERT INTO icinga_services VALUES (10276,2,0,408,120,'HTTP',334,'10!20',0,'',389,389,'',5,1,5,0,60,1,1,1,1,0,0,0,0,0,0,0,1,1,1,1,1,0,0,1,0,0,1,1,1,1,1,1,1,1,'','','','','');
INSERT INTO icinga_services VALUES (10277,2,0,408,121,'PING',339,'10!20',0,'',389,389,'',5,1,5,0,60,1,1,1,1,0,0,0,0,0,0,0,1,1,1,1,1,0,0,1,0,0,1,1,1,1,1,1,1,1,'','','','','');
INSERT INTO icinga_services VALUES (10278,2,0,409,122,'MailQ',338,'10!20',0,'',389,389,'',5,1,5,0,60,1,1,1,1,0,0,0,0,0,0,0,1,1,1,1,1,0,0,1,0,0,1,1,1,1,1,1,1,1,'','','','','');
INSERT INTO icinga_services VALUES (10279,2,0,409,123,'PING',339,'10!20',0,'',389,389,'',5,1,5,0,60,1,1,1,1,0,0,0,0,0,0,0,1,1,1,1,1,0,0,1,0,0,1,1,1,1,1,1,1,1,'','','','','');
INSERT INTO icinga_services VALUES (10280,2,0,410,124,'MailQ',338,'10!20',0,'',389,389,'',5,1,5,0,60,1,1,1,1,0,0,0,0,0,0,0,1,1,1,1,1,0,0,1,0,0,1,1,1,1,1,1,1,1,'','','','','');
INSERT INTO icinga_services VALUES (10281,2,0,410,125,'PING',339,'10!20',0,'',389,389,'',5,1,5,0,60,1,1,1,1,0,0,0,0,0,0,0,1,1,1,1,1,0,0,1,0,0,1,1,1,1,1,1,1,1,'','','','','');
INSERT INTO icinga_services VALUES (10282,2,0,411,126,'PING',339,'10!20',0,'',389,389,'',5,1,5,0,60,1,1,1,1,0,0,0,0,0,0,0,1,1,1,1,1,0,0,1,0,0,1,1,1,1,1,1,1,1,'','','','','');
INSERT INTO icinga_services VALUES (10283,2,0,407,127,'PING',339,'10!20',0,'',389,389,'',5,1,5,0,60,1,1,1,1,0,0,0,0,0,0,0,1,1,1,1,1,0,0,1,0,0,1,1,1,1,1,1,1,1,'','','','','');
INSERT INTO icinga_services VALUES (10284,2,0,404,128,'PING',339,'10!20',0,'',389,389,'',5,1,5,0,60,1,1,1,1,0,0,0,0,0,0,0,1,1,1,1,1,0,0,1,0,0,1,1,1,1,1,1,1,1,'','','','','');
INSERT INTO icinga_services VALUES (10285,2,0,413,129,'Humidity',336,'15!25',0,'',389,389,'',5,1,5,0,60,1,1,1,1,0,0,0,0,0,0,0,1,1,1,1,1,0,0,1,0,0,1,1,1,1,1,1,1,1,'','','','','');
INSERT INTO icinga_services VALUES (10286,2,0,413,130,'PING',339,'10!20',0,'',389,389,'',5,1,5,0,60,1,1,1,1,0,0,0,0,0,0,0,1,1,1,1,1,0,0,1,0,0,1,1,1,1,1,1,1,1,'','','','','');
INSERT INTO icinga_services VALUES (10287,2,0,413,131,'Temperature',344,'15!25',0,'',389,389,'',5,1,5,0,60,1,1,1,1,0,0,0,0,0,0,0,1,1,1,1,1,0,0,1,0,0,1,1,1,1,1,1,1,1,'','','','','');
INSERT INTO icinga_services VALUES (10288,2,0,414,132,'HTTP',334,'10!20',0,'',389,389,'',5,1,5,0,60,1,1,1,1,0,0,0,0,0,0,0,1,1,1,1,1,0,0,1,0,0,1,1,1,1,1,1,1,1,'','','','','');
INSERT INTO icinga_services VALUES (10289,2,0,414,133,'PING',339,'10!20',0,'',389,389,'',5,1,5,0,60,1,1,1,1,0,0,0,0,0,0,0,1,1,1,1,1,0,0,1,0,0,1,1,1,1,1,1,1,1,'','','','','');
INSERT INTO icinga_services VALUES (10290,2,0,414,134,'WinDisk',345,'95!98',0,'',389,389,'',5,1,5,0,60,1,1,1,1,0,0,0,0,0,0,0,1,1,1,1,1,0,0,1,0,0,1,1,1,1,1,1,1,1,'','','','','');
INSERT INTO icinga_services VALUES (10291,2,0,416,135,'MySQL',343,'10!20',0,'',389,389,'',5,1,5,0,60,1,1,1,1,0,0,0,0,0,0,0,1,1,1,1,1,0,0,1,0,0,1,1,1,1,1,1,1,1,'','','','','');
INSERT INTO icinga_services VALUES (10292,2,0,416,136,'PING',339,'10!20',0,'',389,389,'',5,1,5,0,60,1,1,1,1,0,0,0,0,0,0,0,1,1,1,1,1,0,0,1,0,0,1,1,1,1,1,1,1,1,'','','','','');
INSERT INTO icinga_services VALUES (10293,2,0,417,137,'PING',339,'10!20',0,'',389,389,'',5,1,5,0,60,1,1,1,1,0,0,0,0,0,0,0,1,1,1,1,1,0,0,1,0,0,1,1,1,1,1,1,1,1,'','','','','');
INSERT INTO icinga_services VALUES (10294,2,0,418,138,'PING',339,'10!20',0,'',389,389,'',5,1,5,0,60,1,1,1,1,0,0,0,0,0,0,0,1,1,1,1,1,0,0,1,0,0,1,1,1,1,1,1,1,1,'','','','','');
INSERT INTO icinga_services VALUES (10295,2,0,419,139,'MailQ',338,'10!20',0,'',389,389,'',5,1,5,0,60,1,1,1,1,0,0,0,0,0,0,0,1,1,1,1,1,0,0,1,0,0,1,1,1,1,1,1,1,1,'','','','','');
INSERT INTO icinga_services VALUES (10296,2,0,419,140,'PING',339,'10!20',0,'',389,389,'',5,1,5,0,60,1,1,1,1,0,0,0,0,0,0,0,1,1,1,1,1,0,0,1,0,0,1,1,1,1,1,1,1,1,'','','','','');
INSERT INTO icinga_services VALUES (10297,2,0,420,141,'PING',339,'10!20',0,'',389,389,'',5,1,5,0,60,1,1,1,1,0,0,0,0,0,0,0,1,1,1,1,1,0,0,1,0,0,1,1,1,1,1,1,1,1,'','','','','');
INSERT INTO icinga_services VALUES (10298,2,0,421,142,'PING',339,'10!20',0,'',389,389,'',5,1,5,0,60,1,1,1,1,0,0,0,0,0,0,0,1,1,1,1,1,0,0,1,0,0,1,1,1,1,1,1,1,1,'','','','','');
INSERT INTO icinga_services VALUES (10299,2,0,422,143,'PING',339,'10!20',0,'',389,389,'',5,1,5,0,60,1,1,1,1,0,0,0,0,0,0,0,1,1,1,1,1,0,0,1,0,0,1,1,1,1,1,1,1,1,'','','','','');
INSERT INTO icinga_services VALUES (10300,2,0,415,144,'PING',339,'10!20',0,'',389,389,'',5,1,5,0,60,1,1,1,1,0,0,0,0,0,0,0,1,1,1,1,1,0,0,1,0,0,1,1,1,1,1,1,1,1,'','','','','');
INSERT INTO icinga_services VALUES (10301,2,0,423,145,'POP3',369,'',0,'',389,389,'',5,1,4,0,60,1,1,1,1,0,0,0,0,0,0,0,1,1,1,1,1,0,0,1,0,0,1,1,1,1,1,1,1,1,'','','','','');
INSERT INTO icinga_services VALUES (10302,2,0,424,146,'SMTP',372,'',0,'',389,389,'',5,1,4,0,60,1,1,1,1,0,0,0,0,0,0,0,1,1,1,1,1,0,0,1,0,0,1,1,1,1,1,1,1,1,'','','','','');
INSERT INTO icinga_services VALUES (10303,2,0,425,147,'HTTP',350,'',0,'',389,389,'',5,1,4,0,60,1,1,1,1,0,0,0,0,0,0,0,1,1,1,1,1,0,0,1,0,0,1,1,1,1,1,1,1,1,'','','','','');
INSERT INTO icinga_services VALUES (10304,2,0,426,148,'SMTP',372,'',0,'',389,389,'',5,1,4,0,60,1,1,1,1,0,0,0,0,0,0,0,1,1,1,1,1,0,0,1,0,0,1,1,1,1,1,1,1,1,'','','','','');
INSERT INTO icinga_services VALUES (10305,2,0,427,149,'HTTP',350,'',0,'',389,389,'',5,1,4,0,60,1,1,1,1,0,0,0,0,0,0,0,1,1,1,1,1,0,0,1,0,0,1,1,1,1,1,1,1,1,'','','','','');
INSERT INTO icinga_services VALUES (10306,2,0,412,150,'Current Load',352,'5.0,4.0,3.0!10.0,6.0,4.0',0,'',389,389,'',5,1,4,0,60,1,1,1,1,0,0,0,0,0,0,0,1,1,1,1,1,0,0,1,0,0,1,1,1,1,1,1,1,1,'','','','','');
INSERT INTO icinga_services VALUES (10307,2,0,412,151,'Current Users',354,'20!50',0,'',389,389,'',5,1,4,0,60,1,1,1,1,0,0,0,0,0,0,0,1,1,1,1,1,0,0,1,0,0,1,1,1,1,1,1,1,1,'','','','','');
INSERT INTO icinga_services VALUES (10308,2,0,412,152,'PING',367,'100.0,20%!500.0,60%',0,'',389,389,'',5,1,4,0,60,1,1,1,1,0,0,0,0,0,0,0,1,1,1,1,1,0,0,1,0,0,1,1,1,1,1,1,1,1,'','','','','');
INSERT INTO icinga_services VALUES (10309,2,0,412,153,'Root Partition',351,'20%!10%!/',0,'',389,389,'',5,1,4,0,60,1,1,1,1,0,0,0,0,0,0,0,1,1,1,1,1,0,0,1,0,0,1,1,1,1,1,1,1,1,'','','','','');
INSERT INTO icinga_services VALUES (10310,2,0,412,154,'Total Processes',353,'250!400!RSZDT',0,'',389,389,'',5,1,4,0,60,1,1,1,1,0,0,0,0,0,0,0,1,1,1,1,1,0,0,1,0,0,1,1,1,1,1,1,1,1,'','','','','');
INSERT INTO icinga_services VALUES (10311,2,0,428,155,'POP3',369,'',0,'',389,389,'',5,1,4,0,60,1,1,1,1,0,0,0,0,0,0,0,1,1,1,1,1,0,0,1,0,0,1,1,1,1,1,1,1,1,'','','','','');
INSERT INTO icinga_services VALUES (10312,2,0,429,156,'SMTP',372,'',0,'',389,389,'',5,1,4,0,60,1,1,1,1,0,0,0,0,0,0,0,1,1,1,1,1,0,0,1,0,0,1,1,1,1,1,1,1,1,'','','','','');
INSERT INTO icinga_services VALUES (10313,2,0,430,157,'HTTP',350,'',0,'',389,389,'',5,1,4,0,60,1,1,1,1,0,0,0,0,0,0,0,1,1,1,1,1,0,0,1,0,0,1,1,1,1,1,1,1,1,'','','','','');
INSERT INTO icinga_services VALUES (10314,2,0,431,158,'SMTP',372,'',0,'',389,389,'',5,1,4,0,60,1,1,1,1,0,0,0,0,0,0,0,1,1,1,1,1,0,0,1,0,0,1,1,1,1,1,1,1,1,'','','','','');
INSERT INTO icinga_services VALUES (10315,2,0,432,159,'HTTP',350,'',0,'',389,389,'',5,1,4,0,60,1,1,1,1,0,0,0,0,0,0,0,1,1,1,1,1,0,0,1,0,0,1,1,1,1,1,1,1,1,'','','','','');
INSERT INTO icinga_servicestatus VALUES (10271,2,115,'2010-07-12 14:22:05','MySQL: OK, SQLquery OK - Query took 18.182 sec','','time=18.182s',0,1,1,1,5,'2010-07-12 14:21:55','2010-07-12 14:26:55',0,'2010-05-28 23:17:21','2010-02-01 22:04:30',0,'2010-07-12 14:21:55','2010-02-23 10:46:42','2010-05-28 23:17:14','2010-05-20 00:01:29',1,'1970-01-01 01:00:00','1970-01-01 01:00:00',0,0,0,0,0,1,1,1,1,0,0,0.267,0.116,0,1,1,1,131,'','check-sql-vnd!10!20',5,1,389);
INSERT INTO icinga_servicestatus VALUES (10272,2,116,'2010-07-12 14:22:05','PING: OK, Packet loss = 28.694: RTA = 0.055','','rta=0.055;;;; pl=28.694;;;;',0,1,1,1,5,'2010-07-12 14:21:55','2010-07-12 14:26:55',0,'2010-07-02 15:45:15','2010-07-02 15:45:15',0,'2010-07-12 14:21:55','2010-03-13 10:22:49','2010-05-28 23:17:14','2010-07-02 12:13:02',1,'1970-01-01 01:00:00','1970-01-01 01:00:00',0,0,0,0,0,1,1,1,1,0,0,0.195,0.19201,0,1,1,0,139,'','check-ping-vnd!10!20',5,1,389);
INSERT INTO icinga_servicestatus VALUES (10273,2,117,'2010-07-06 09:29:01','test:','','',0,1,0,1,5,'2010-06-22 17:23:48','1970-01-01 01:00:00',1,'2010-05-28 23:18:14','2010-02-01 22:04:49',0,'2010-06-22 17:23:48','2010-02-23 10:46:42','2010-05-28 23:17:14','2010-05-20 00:01:29',1,'1970-01-01 01:00:00','1970-01-01 01:00:00',0,0,0,0,0,1,0,1,1,0,0,0.157,0,0,1,1,0,131,'','check-sql-vnd!10!20',5,1,389);
INSERT INTO icinga_servicestatus VALUES (10274,2,118,'2010-07-12 14:22:05','PING: OK, Packet loss = 0.677: RTA = 0.047','','rta=0.047;;;; pl=0.677;;;;',0,1,1,1,5,'2010-07-12 14:21:55','2010-07-12 14:26:55',0,'2010-07-02 15:45:30','2010-07-02 15:45:30',0,'2010-07-12 14:21:55','1970-01-01 01:00:00','2010-05-28 23:17:14','2010-07-02 12:13:47',1,'1970-01-01 01:00:00','1970-01-01 01:00:00',0,0,0,0,0,1,1,1,1,0,0,0.187,0.112,0,1,1,0,131,'','check-ping-vnd!10!20',5,1,389);
INSERT INTO icinga_servicestatus VALUES (10275,2,119,'2010-07-12 14:22:05','PING: OK, Packet loss = 28.736: RTA = 0.046','','rta=0.046;;;; pl=28.736;;;;',0,1,1,1,5,'2010-07-12 14:21:55','2010-07-12 14:26:55',0,'2010-07-02 15:45:46','2010-07-02 15:45:46',0,'2010-07-12 14:21:55','1970-01-01 01:00:00','1970-01-01 01:00:00','2010-07-02 12:13:40',1,'1970-01-01 01:00:00','1970-01-01 01:00:00',0,0,0,0,0,1,1,1,1,0,0,0.279,0.13201,0,1,1,0,131,'','check-ping-vnd!10!20',5,1,389);
INSERT INTO icinga_servicestatus VALUES (10276,2,120,'2010-07-06 09:29:01','HTTP: OK, HTTP OK HTTP/1.0 200 OK - 3270 bytes in 0.022 seconds','','time=0.022s;;;0.000000 size=3270B;;;0',0,1,0,1,5,'2010-06-09 14:03:45','1970-01-01 01:00:00',0,'2010-05-20 06:12:19','2010-02-01 22:04:54',0,'2010-06-09 14:03:45','1970-01-01 01:00:00','1970-01-01 01:00:00','2010-05-20 00:01:29',1,'1970-01-01 01:00:00','1970-01-01 01:00:00',0,0,0,0,0,1,0,1,1,0,0,0.143,0.128,0,1,1,0,131,'','check-http-vnd!10!20',5,1,389);
INSERT INTO icinga_servicestatus VALUES (10277,2,121,'2010-07-12 14:22:05','PING: OK, Packet loss = 20.180: RTA = 0.053','','rta=0.053;;;; pl=20.180;;;;',0,1,1,1,5,'2010-07-12 14:21:55','2010-07-12 14:26:55',0,'2010-07-02 12:14:02','2010-07-01 16:55:03',0,'2010-07-12 14:21:55','1970-01-01 01:00:00','1970-01-01 01:00:00','2010-07-02 12:13:02',1,'1970-01-01 01:00:00','1970-01-01 01:00:00',0,0,0,0,0,1,1,1,1,0,0,0.195,0.18001,0,1,1,0,131,'','check-ping-vnd!10!20',5,1,389);
INSERT INTO icinga_servicestatus VALUES (10278,2,122,'2010-07-06 09:29:01','MailQ: OK, mailq reports 7.062 mails in the queue','','queue=7.062',0,1,0,1,5,'2010-06-09 14:03:46','1970-01-01 01:00:00',0,'2010-05-20 06:12:19','2010-02-01 22:05:00',0,'2010-06-09 14:03:46','1970-01-01 01:00:00','1970-01-01 01:00:00','2010-05-20 00:01:29',1,'1970-01-01 01:00:00','1970-01-01 01:00:00',0,0,0,0,0,1,0,1,1,0,0,0.155,0.048,0,1,1,0,131,'','check-mailq-vnd!10!20',5,1,389);
INSERT INTO icinga_servicestatus VALUES (10279,2,123,'2010-07-12 14:22:05','PING: OK, Packet loss = 1.589: RTA = 0.032','','rta=0.032;;;; pl=1.589;;;;',0,1,1,1,5,'2010-07-12 14:21:55','2010-07-12 14:26:55',0,'2010-07-02 15:46:18','2010-07-02 15:46:18',0,'2010-07-12 14:21:55','1970-01-01 01:00:00','1970-01-01 01:00:00','2010-07-02 12:13:02',1,'1970-01-01 01:00:00','1970-01-01 01:00:00',0,0,0,0,0,1,1,1,1,0,0,0.227,0.14401,0,1,1,0,131,'','check-ping-vnd!10!20',5,1,389);
INSERT INTO icinga_servicestatus VALUES (10280,2,124,'2010-07-06 09:29:01','MailQ: OK, mailq reports 8.022 mails in the queue','','queue=8.022',0,1,0,1,5,'2010-06-09 14:03:53','1970-01-01 01:00:00',0,'2010-05-20 06:12:19','2010-02-01 22:05:07',0,'2010-06-09 14:03:53','1970-01-01 01:00:00','1970-01-01 01:00:00','2010-05-20 00:01:29',1,'1970-01-01 01:00:00','1970-01-01 01:00:00',0,0,0,0,0,1,0,1,1,0,0,0.215,0.048,0,1,1,0,131,'','check-mailq-vnd!10!20',5,1,389);
INSERT INTO icinga_servicestatus VALUES (10281,2,125,'2010-07-12 14:22:05','PING: OK, Packet loss = 0.918: RTA = 0.057','','rta=0.057;;;; pl=0.918;;;;',0,1,1,1,5,'2010-07-12 14:21:55','2010-07-12 14:26:55',0,'2010-07-02 15:46:33','2010-07-02 15:46:33',0,'2010-07-12 14:21:55','1970-01-01 01:00:00','1970-01-01 01:00:00','2010-07-02 12:14:04',1,'1970-01-01 01:00:00','1970-01-01 01:00:00',0,0,0,0,0,1,1,1,1,0,0,0.231,0.06,0,1,1,0,131,'','check-ping-vnd!10!20',5,1,389);
INSERT INTO icinga_servicestatus VALUES (10282,2,126,'2010-07-12 14:22:05','PING: OK, Packet loss = 1.322: RTA = 0.026','','rta=0.026;;;; pl=1.322;;;;',0,1,1,1,5,'2010-07-12 14:21:55','2010-07-12 14:26:55',0,'2010-07-02 15:46:49','2010-07-02 15:46:49',0,'2010-07-12 14:21:55','1970-01-01 01:00:00','1970-01-01 01:00:00','2010-07-02 12:12:40',1,'1970-01-01 01:00:00','1970-01-01 01:00:00',0,1,0,0,0,1,1,1,1,0,0,0.191,0.116,0,1,1,0,131,'','check-ping-vnd!10!20',5,1,389);
INSERT INTO icinga_servicestatus VALUES (10283,2,127,'2010-07-12 14:22:05','PING: OK, Packet loss = 0.836: RTA = 0.037','','rta=0.037;;;; pl=0.836;;;;',0,1,1,1,5,'2010-07-12 14:21:55','2010-07-12 14:26:55',0,'2010-07-02 15:47:05','2010-07-02 15:47:05',0,'2010-07-12 14:21:55','1970-01-01 01:00:00','1970-01-01 01:00:00','2010-07-02 12:13:50',1,'1970-01-01 01:00:00','1970-01-01 01:00:00',0,1,0,0,0,1,1,1,1,0,0,0.263,0.15601,0,1,1,0,131,'','check-ping-vnd!10!20',5,1,389);
INSERT INTO icinga_servicestatus VALUES (10284,2,128,'2010-07-12 14:22:05','PING: OK, Packet loss = 0.639: RTA = 0.046','','rta=0.046;;;; pl=0.639;;;;',0,1,1,1,5,'2010-07-12 14:21:55','2010-07-12 14:26:55',0,'2010-07-02 15:47:21','2010-07-02 15:47:21',0,'2010-07-12 14:21:55','1970-01-01 01:00:00','1970-01-01 01:00:00','2010-07-02 12:13:04',1,'1970-01-01 01:00:00','1970-01-01 01:00:00',0,1,0,0,0,1,1,1,1,0,0,0.255,0.14801,0,1,1,0,131,'','check-ping-vnd!10!20',5,1,389);
INSERT INTO icinga_servicestatus VALUES (10285,2,129,'2010-07-12 14:22:05','Humidity: OK, OK (h=13.736 %)','','h=13.736',0,1,1,1,5,'2010-07-12 14:21:55','2010-07-12 14:26:55',0,'2010-07-02 15:47:37','2010-07-02 15:47:37',0,'2010-07-12 14:21:55','1970-01-01 01:00:00','1970-01-01 01:00:00','2010-07-02 12:13:02',1,'1970-01-01 01:00:00','1970-01-01 01:00:00',0,1,0,0,0,1,1,1,1,0,0,0.215,0.18001,0,1,1,0,131,'','check-humi-vnd!15!25',5,1,389);
INSERT INTO icinga_servicestatus VALUES (10286,2,130,'2010-07-12 14:22:05','PING: OK, Packet loss = 0: RTA = 0.608','','rta=0.608;;;; pl=0;;;;',0,1,1,1,5,'2010-07-12 14:21:55','2010-07-12 14:26:55',0,'2010-07-02 15:47:52','2010-07-02 15:47:52',0,'2010-07-12 14:21:55','1970-01-01 01:00:00','1970-01-01 01:00:00','2010-07-02 12:13:40',1,'1970-01-01 01:00:00','1970-01-01 01:00:00',0,1,0,0,0,1,1,1,1,0,0,0.203,0.16401,0,1,1,0,131,'','check-ping-vnd!10!20',5,1,389);
INSERT INTO icinga_servicestatus VALUES (10287,2,131,'2010-07-12 14:22:05','Temperature: OK, OK (t=21.417 C)','','t=21.417',0,1,1,1,5,'2010-07-12 14:21:55','2010-07-12 14:26:55',0,'2010-07-02 15:48:08','2010-07-02 15:48:08',0,'2010-07-12 14:21:55','1970-01-01 01:00:00','1970-01-01 01:00:00','2010-07-02 12:13:40',1,'1970-01-01 01:00:00','1970-01-01 01:00:00',0,1,0,0,0,1,1,1,1,0,0,0.219,0.16001,0,1,1,0,131,'','check-temp-vnd!15!25',5,1,389);
INSERT INTO icinga_servicestatus VALUES (10288,2,132,'2010-07-07 08:42:48','HTTP: OK, HTTP OK HTTP/1.0 200 OK - 0 bytes in 0 seconds','','time=0s;;;0.000000 size=0B;;;0',0,1,0,1,5,'2010-06-09 14:04:22','1970-01-01 01:00:00',0,'2010-02-15 15:38:59','2010-02-01 22:05:34',0,'2010-06-09 14:04:22','1970-01-01 01:00:00','1970-01-01 01:00:00','2010-02-15 09:28:13',1,'1970-01-01 01:00:00','1970-01-01 01:00:00',0,0,0,0,0,1,0,1,1,0,0,0.26,0.044,0,1,1,0,131,'','check-http-vnd!10!20',5,1,389);
INSERT INTO icinga_servicestatus VALUES (10289,2,133,'2010-07-12 14:22:05','PING: OK, Packet loss = 141: RTA = 44','','rta=44;;;; pl=141;;;;',0,1,1,1,5,'2010-07-12 14:21:55','2010-07-12 14:26:55',0,'2010-07-02 15:48:24','2010-07-02 15:48:24',0,'2010-07-12 14:21:55','1970-01-01 01:00:00','1970-01-01 01:00:00','2010-07-02 12:13:50',1,'1970-01-01 01:00:00','1970-01-01 01:00:00',0,1,0,0,0,1,1,1,1,0,0,0.199,0.18001,0,1,1,0,131,'','check-ping-vnd!10!20',5,1,389);
INSERT INTO icinga_servicestatus VALUES (10290,2,134,'2010-07-02 15:40:15','WinDisk: OK, Windisk: - total: 500 Gb - used: 80% - free 12%)','','',0,1,1,1,5,'2010-06-01 12:28:17','1970-01-01 01:00:00',0,'2010-05-31 12:13:17','2010-02-01 22:03:43',0,'2010-06-01 12:28:17','1970-01-01 01:00:00','1970-01-01 01:00:00','2010-05-25 15:48:02',1,'1970-01-01 01:00:00','1970-01-01 01:00:00',0,1,0,0,0,1,0,1,1,0,0,0.209,0.048,0,1,1,0,131,'','check-windisk-vnd!95!98',5,1,389);
INSERT INTO icinga_servicestatus VALUES (10291,2,135,'2010-07-07 08:42:48','MySQL: OK, SQLquery OK - Query took 17.725 sec','','time=17.725s',0,1,0,1,5,'2010-06-09 14:04:30','1970-01-01 01:00:00',0,'2010-05-20 06:12:19','2010-02-01 22:08:14',0,'2010-06-09 14:04:30','2010-02-23 10:46:42','1970-01-01 01:00:00','2010-05-20 00:01:29',1,'1970-01-01 01:00:00','1970-01-01 01:00:00',0,0,0,0,0,1,0,1,1,0,0,0.072,0.048,0,1,1,0,131,'','check-sql-vnd!10!20',5,1,389);
INSERT INTO icinga_servicestatus VALUES (10292,2,136,'2010-07-12 14:22:05','PING: OK, Packet loss = 29.459: RTA = 0.487','','rta=0.487;;;; pl=29.459;;;;',0,1,1,1,5,'2010-07-12 14:21:55','2010-07-12 14:26:55',0,'2010-07-03 08:09:44','2010-07-03 08:09:44',0,'2010-07-12 14:21:55','1970-01-01 01:00:00','1970-01-01 01:00:00','2010-07-03 08:04:44',1,'1970-01-01 01:00:00','1970-01-01 01:00:00',0,1,0,0,0,1,1,1,1,0,0,0.211,0.18401,0,1,1,0,129,'','check-ping-vnd!10!20',5,1,389);
INSERT INTO icinga_servicestatus VALUES (10293,2,137,'2010-07-12 14:22:05','PING: OK, Packet loss = 0: RTA = 0','','rta=0;;;; pl=0;;;;',0,1,1,1,5,'2010-07-12 14:21:55','2010-07-12 14:26:55',0,'2010-07-03 08:05:28','2010-07-02 15:48:56',0,'2010-07-12 14:21:55','2010-06-28 16:39:25','1970-01-01 01:00:00','2010-07-03 08:04:11',1,'1970-01-01 01:00:00','1970-01-01 01:00:00',0,1,0,0,0,1,1,1,1,0,0,0.295,0.1,0,1,1,0,129,'','check-ping-vnd!10!20',5,1,389);
INSERT INTO icinga_servicestatus VALUES (10294,2,138,'2010-07-02 15:40:15','PING: OK, Packet loss = 16.891: RTA = 0.056','','rta=0.056;;;; pl=16.891;;;;',0,1,1,1,5,'2010-04-14 04:00:27','1970-01-01 01:00:00',0,'2010-02-15 15:39:00','2010-02-01 22:03:50',0,'2010-04-13 21:50:41','1970-01-01 01:00:00','1970-01-01 01:00:00','2010-02-15 09:28:14',1,'1970-01-01 01:00:00','1970-01-01 01:00:00',0,1,0,0,0,1,0,1,1,0,0,0.03,0.176,0,1,1,0,131,'','check-ping-vnd!10!20',5,1,389);
INSERT INTO icinga_servicestatus VALUES (10295,2,139,'2010-07-10 00:32:31','Error occured:error=1:0:0','','',1,1,0,1,5,'2010-06-28 16:39:25','1970-01-01 01:00:00',1,'2010-06-28 16:39:25','2010-02-01 22:08:27',0,'2010-06-09 14:07:11','2010-06-28 16:39:25','1970-01-01 01:00:00','2010-05-20 00:01:29',0,'1970-01-01 01:00:00','1970-01-01 01:00:00',0,0,0,0,0,1,0,1,1,0,0,0.265,0,0,1,1,1,131,'','check-mailq-vnd!10!20',5,1,389);
INSERT INTO icinga_servicestatus VALUES (10296,2,140,'2010-07-12 14:23:55','PING: OK, Packet loss = 5.327: RTA = 2.664','','rta=2.664;;;; pl=5.327;;;;',0,1,1,1,5,'2010-07-12 14:23:46','2010-07-12 14:28:46',0,'2010-07-03 08:09:15','2010-07-03 08:09:15',0,'2010-07-12 14:23:46','2010-06-28 16:39:25','1970-01-01 01:00:00','2010-07-03 08:04:15',1,'1970-01-01 01:00:00','1970-01-01 01:00:00',0,1,0,0,0,1,1,1,1,0,0,0.196,0.08,0,1,1,1,1,'','check-ping-vnd!10!20',5,1,389);
INSERT INTO icinga_servicestatus VALUES (10297,2,141,'2010-07-02 15:40:15','PING: OK, Packet loss = 0: RTA = 1','','rta=1;;;; pl=0;;;;',0,1,1,1,5,'2010-06-22 11:53:00','1970-01-01 01:00:00',0,'2010-05-20 06:12:39','2010-02-01 22:03:34',0,'2010-06-22 11:53:00','1970-01-01 01:00:00','1970-01-01 01:00:00','2010-05-20 00:01:49',1,'1970-01-01 01:00:00','1970-01-01 01:00:00',0,1,0,0,0,1,0,1,1,0,0,0.116,0.064,0,1,1,1,3,'','check-ping-vnd!10!20',5,1,389);
INSERT INTO icinga_servicestatus VALUES (10298,2,142,'2010-07-12 14:23:55','PING: OK, Packet loss = 11.986: RTA = 0.031','','rta=0.031;;;; pl=11.986;;;;',0,1,1,1,5,'2010-07-12 14:23:46','2010-07-12 14:28:46',0,'2010-07-03 08:09:45','2010-07-03 08:09:45',0,'2010-07-12 14:23:46','2010-06-28 16:39:25','1970-01-01 01:00:00','2010-07-03 08:04:45',1,'1970-01-01 01:00:00','1970-01-01 01:00:00',0,1,0,0,0,1,1,1,1,0,0,0.2,0.072,0,1,1,1,1,'','check-ping-vnd!10!20',5,1,389);
INSERT INTO icinga_servicestatus VALUES (10299,2,143,'2010-07-12 14:23:55','PING: OK, Packet loss = 16.385: RTA = 0.053','','rta=0.053;;;; pl=16.385;;;;',0,1,1,1,5,'2010-07-12 14:23:46','2010-07-12 14:28:46',0,'2010-07-02 15:49:43','2010-07-02 15:49:43',0,'2010-07-12 14:23:46','1970-01-01 01:00:00','1970-01-01 01:00:00','2010-07-02 12:13:40',1,'1970-01-01 01:00:00','1970-01-01 01:00:00',0,1,0,0,0,1,1,1,1,0,0,0.2,0.084,0,1,1,1,1,'','check-ping-vnd!10!20',5,1,389);
INSERT INTO icinga_servicestatus VALUES (10300,2,144,'2010-07-02 15:40:15','PING: OK, Packet loss = 0: RTA = 11','','rta=11;;;; pl=0;;;;',0,1,1,1,5,'2010-02-19 18:12:02','1970-01-01 01:00:00',0,'2010-02-15 15:38:59','2010-02-01 22:06:14',0,'2010-02-19 12:02:16','1970-01-01 01:00:00','1970-01-01 01:00:00','2010-02-15 09:28:13',1,'1970-01-01 01:00:00','1970-01-01 01:00:00',0,1,0,0,0,1,0,1,1,0,0,0.156,0.201,0,1,1,1,3,'','check-ping-vnd!10!20',5,1,389);
INSERT INTO icinga_servicestatus VALUES (10301,2,145,'2010-07-07 08:42:48','POP OK - 0,016 second response time on port 110 [+OK GMX POP3 StreamProxy ready]','','time=0,016000s;;;0,000000;10,000000',0,1,0,1,4,'2010-06-09 14:04:59','1970-01-01 01:00:00',0,'2010-05-31 19:58:31','2010-05-21 16:43:38',0,'2010-06-09 14:04:59','1970-01-01 01:00:00','1970-01-01 01:00:00','2010-05-31 19:57:31',1,'1970-01-01 01:00:00','1970-01-01 01:00:00',0,0,0,0,0,1,0,1,1,0,0,0.081,0.024,0,1,1,1,3,'','check_pop',5,1,389);
INSERT INTO icinga_servicestatus VALUES (10302,2,146,'2010-07-07 08:42:48','rr:','','',0,1,0,1,4,'2010-06-24 11:26:02','1970-01-01 01:00:00',1,'2010-06-24 11:26:02','2010-06-24 11:26:02',0,'2010-06-24 11:26:02','1970-01-01 01:00:00','1970-01-01 01:00:00','2010-06-09 14:07:33',1,'1970-01-01 01:00:00','1970-01-01 01:00:00',0,0,0,0,0,1,0,1,1,0,6.25,0.743,0,0,1,1,1,151,'','check_smtp',5,1,389);
INSERT INTO icinga_servicestatus VALUES (10303,2,147,'2010-07-07 08:42:48','HTTP OK HTTP/1.1 200 OK - 8339 bytes in 0,064 seconds','','time=0,064002s;;;0,000000 size=8339B;;;0',0,1,0,1,4,'2010-06-09 14:05:06','1970-01-01 01:00:00',0,'2010-05-28 22:53:21','2010-05-21 16:46:14',0,'2010-06-09 14:05:06','1970-01-01 01:00:00','1970-01-01 01:00:00','2010-05-28 22:52:21',1,'1970-01-01 01:00:00','1970-01-01 01:00:00',0,0,0,0,0,1,0,1,1,0,0,0.189,0.068,0,1,1,1,3,'','check_http',5,1,389);
INSERT INTO icinga_servicestatus VALUES (10304,2,148,'2010-07-12 14:24:05','CRITICAL - Socket timeout after 10 seconds','','',2,1,1,1,4,'2010-07-12 14:23:47','2010-07-12 14:28:47',0,'2010-03-09 23:00:00','2010-03-09 23:00:00',2,'2010-03-09 16:45:28','1970-01-01 01:00:00','1970-01-01 01:00:00','2010-07-12 14:23:47',1,'1970-01-01 01:00:00','1970-01-01 01:00:00',0,0,1,1,0,1,1,0,1,0,0,0.212,10.00445,0,1,1,0,139,'','check_smtp',5,1,389);
INSERT INTO icinga_servicestatus VALUES (10305,2,149,'2010-07-07 08:42:48','HTTP OK HTTP/1.1 200 OK - 8339 bytes in 0,060 seconds','','time=0,060002s;;;0,000000 size=8339B;;;0',0,1,0,1,4,'2010-06-09 14:05:14','1970-01-01 01:00:00',0,'2010-05-26 08:10:32','2010-05-21 16:43:19',0,'2010-06-09 14:05:14','1970-01-01 01:00:00','1970-01-01 01:00:00','2010-05-26 01:59:46',1,'1970-01-01 01:00:00','1970-01-01 01:00:00',0,0,0,0,0,1,0,1,1,0,0,0.01,0.064,0,1,1,1,3,'','check_http',5,1,389);
INSERT INTO icinga_servicestatus VALUES (10306,2,150,'2010-07-02 15:40:15','OK - load average: 0.28, 0.43, 0.27','','load1=0.280;5.000;10.000;0; load5=0.430;4.000;6.000;0; load15=0.270;3.000;4.000;0;',0,1,1,1,4,'2010-06-09 14:07:47','1970-01-01 01:00:00',0,'2010-05-25 06:20:23','2010-05-20 06:47:44',0,'2010-06-09 14:07:47','2010-05-25 00:09:37','1970-01-01 01:00:00','2010-05-20 00:27:58',1,'1970-01-01 01:00:00','1970-01-01 01:00:00',0,1,0,0,0,1,0,1,1,0,0,0.107,0.004,0,1,1,1,3,'','check_local_load!5.0,4.0,3.0!10.0,6.0,4.0',5,1,389);
INSERT INTO icinga_servicestatus VALUES (10307,2,151,'2010-07-12 14:24:55','USERS OK - 1 users currently logged in','','users=1;20;50;0',0,1,1,1,4,'2010-07-12 14:24:54','2010-07-12 14:29:54',0,'2010-02-01 21:19:07','2010-02-01 21:19:07',0,'2010-07-12 14:24:54','1970-01-01 01:00:00','1970-01-01 01:00:00','1970-01-01 01:00:00',1,'1970-01-01 01:00:00','1970-01-01 01:00:00',0,1,0,0,0,1,1,1,1,0,0,0.023,0.004,0,1,1,1,3,'','check_local_users!20!50',5,1,389);
INSERT INTO icinga_servicestatus VALUES (10308,2,152,'2010-07-07 08:42:48','PING OK - Packet loss = 0%, RTA = 0.00 ms','','rta=0.000000ms;100.000000;500.000000;0.000000 pl=0%;20;60;0',0,1,0,1,4,'2010-06-09 14:07:55','1970-01-01 01:00:00',0,'2010-05-25 06:23:58','2010-02-01 21:21:40',0,'2010-06-09 14:07:55','1970-01-01 01:00:00','1970-01-01 01:00:00','2010-05-25 00:13:10',1,'1970-01-01 01:00:00','1970-01-01 01:00:00',0,0,0,0,0,1,0,1,1,0,0,0.179,4.012,0,1,1,1,3,'','check_ping!100.0,20%!500.0,60%',5,1,389);
INSERT INTO icinga_servicestatus VALUES (10309,2,153,'2010-07-02 15:40:15','DISK OK - free space: / 3567 MB (37% inode=93%):','','/=6000MB;8063;9071;0;10079',0,1,1,1,4,'2010-06-09 14:05:28','1970-01-01 01:00:00',0,'2010-02-01 21:19:14','2010-02-01 21:19:14',0,'2010-06-09 14:05:28','1970-01-01 01:00:00','1970-01-01 01:00:00','1970-01-01 01:00:00',1,'1970-01-01 01:00:00','1970-01-01 01:00:00',0,1,0,0,0,1,0,1,1,0,0,0.13,0.004,0,1,1,1,3,'','check_local_disk!20%!10%!/',5,1,389);
INSERT INTO icinga_servicestatus VALUES (10310,2,154,'2010-07-02 15:40:15','PROCS OK: 40 processes with STATE = RSZDT','','',0,1,1,1,4,'2010-06-09 14:08:02','1970-01-01 01:00:00',0,'2010-05-08 06:13:20','2010-02-01 21:21:47',0,'2010-06-09 14:08:02','1970-01-01 01:00:00','1970-01-01 01:00:00','2010-05-08 00:02:34',1,'1970-01-01 01:00:00','1970-01-01 01:00:00',0,1,0,0,0,1,0,1,1,0,0,0.239,0.016,0,1,1,1,3,'','check_local_procs!250!400!RSZDT',5,1,389);
INSERT INTO icinga_servicestatus VALUES (10311,2,155,'2010-07-12 14:22:05','Verbindungsaufbau abgelehnt','','',2,1,1,4,4,'2010-07-12 14:21:55','2010-07-12 14:26:55',0,'2010-02-01 21:19:20','2010-02-01 21:22:20',2,'1970-01-01 01:00:00','1970-01-01 01:00:00','1970-01-01 01:00:00','2010-07-12 14:21:55',1,'2010-03-29 17:15:43','2010-03-29 18:15:43',0,0,1,1,1093,0,1,1,1,0,0,0.183,0.036,0,1,1,1,7,'','check_pop',5,1,389);
INSERT INTO icinga_servicestatus VALUES (10312,2,156,'2010-07-10 00:33:15','CRITICAL - Socket timeout after 10 seconds','','',2,1,0,4,4,'2010-06-09 14:05:36','1970-01-01 01:00:00',0,'2010-02-01 21:21:54','2010-02-01 21:21:54',2,'1970-01-01 01:00:00','1970-01-01 01:00:00','1970-01-01 01:00:00','2010-06-09 14:05:36',1,'1970-01-01 01:00:00','1970-01-01 01:00:00',0,0,1,1,0,1,0,0,0,0,0,0.21,10.008,0,1,1,1,27,'','check_smtp',5,1,389);
INSERT INTO icinga_servicestatus VALUES (10313,2,157,'2010-07-07 08:42:48','HTTP OK HTTP/1.1 200 OK - 8339 bytes in 0,060 seconds','','time=0,060002s;;;0,000000 size=8339B;;;0',0,1,0,1,4,'2010-06-09 14:08:10','1970-01-01 01:00:00',0,'2010-05-27 09:49:38','2010-05-21 16:43:19',0,'2010-06-09 14:08:10','1970-01-01 01:00:00','1970-01-01 01:00:00','2010-05-27 09:48:38',1,'1970-01-01 01:00:00','1970-01-01 01:00:00',0,0,0,0,0,1,0,1,1,0,0,0.055,0.068,0,1,1,1,3,'','check_http',5,1,389);
INSERT INTO icinga_servicestatus VALUES (10314,2,158,'2010-07-07 08:42:48','CRITICAL - Socket timeout after 10 seconds','','',2,1,0,4,4,'2010-06-09 14:05:43','1970-01-01 01:00:00',0,'2010-05-10 23:09:45','2010-05-10 23:09:45',2,'2010-05-10 16:58:21','1970-01-01 01:00:00','1970-01-01 01:00:00','2010-06-09 14:05:43',1,'1970-01-01 01:00:00','1970-01-01 01:00:00',0,0,1,1,0,1,0,1,1,0,0,0.022,10.004,0,1,1,1,3,'','check_smtp',5,1,389);
INSERT INTO icinga_servicestatus VALUES (10315,2,159,'2010-07-07 08:42:48','HTTP OK HTTP/1.1 200 OK - 8339 bytes in 0,064 seconds','','time=0,064002s;;;0,000000 size=8339B;;;0',0,1,0,1,4,'2010-06-09 14:08:17','1970-01-01 01:00:00',0,'2010-05-21 16:46:14','2010-05-21 16:46:14',0,'2010-06-09 14:08:17','1970-01-01 01:00:00','1970-01-01 01:00:00','2010-05-21 10:31:28',1,'1970-01-01 01:00:00','1970-01-01 01:00:00',0,0,0,0,0,1,0,1,1,0,0,0.12,0.068,0,1,1,1,3,'','check_http',5,1,389);
INSERT INTO icinga_statehistory VALUES (101,2,'2010-06-09 15:59:12',331520,403,1,0,1,1,10,1,-1,'ok','ok');
INSERT INTO icinga_statehistory VALUES (102,2,'2010-06-09 16:00:42',98472,404,1,1,0,1,10,0,-1,'PING CRITICAL - Packet loss = 100%','PING CRITICAL - Packet loss = 100%');
INSERT INTO icinga_statehistory VALUES (103,2,'2010-06-09 16:01:52',208778,405,1,1,0,2,10,0,-1,'PING CRITICAL - Packet loss = 100%','PING CRITICAL - Packet loss = 100%');
INSERT INTO icinga_statehistory VALUES (104,2,'2010-06-09 16:03:12',159407,403,1,1,0,3,10,0,-1,'PING CRITICAL - Packet loss = 100%','PING CRITICAL - Packet loss = 100%');
INSERT INTO icinga_statehistory VALUES (105,2,'2010-06-09 16:04:32',114037,403,1,1,0,4,10,0,-1,'PING CRITICAL - Packet loss = 100%','PING CRITICAL - Packet loss = 100%');
INSERT INTO icinga_statehistory VALUES (106,2,'2010-06-09 16:05:42',228343,403,1,1,0,5,10,0,-1,'PING CRITICAL - Packet loss = 100%','PING CRITICAL - Packet loss = 100%');
INSERT INTO icinga_statehistory VALUES (107,2,'2010-06-09 16:07:02',150971,412,1,1,0,6,10,0,-1,'PING CRITICAL - Packet loss = 100%','PING CRITICAL - Packet loss = 100%');
INSERT INTO icinga_statehistory VALUES (108,2,'2010-06-09 16:08:12',105271,413,1,1,0,7,10,0,-1,'PING CRITICAL - Packet loss = 100%','PING CRITICAL - Packet loss = 100%');
INSERT INTO icinga_statehistory VALUES (109,2,'2010-06-09 16:09:22',219577,420,1,1,0,8,10,0,-1,'PING CRITICAL - Packet loss = 100%','PING CRITICAL - Packet loss = 100%');
INSERT INTO icinga_statehistory VALUES (1010,2,'2010-06-09 16:10:42',154206,421,1,1,0,9,10,0,-1,'PING CRITICAL - Packet loss = 100%','PING CRITICAL - Packet loss = 100%');
INSERT INTO icinga_statehistory VALUES (1011,2,'2010-06-09 16:12:02',268841,423,1,1,1,10,10,0,-1,'PING CRITICAL - Packet loss = 100%','PING CRITICAL - Packet loss = 100%');
INSERT INTO icinga_statehistory VALUES (1012,2,'2010-06-11 00:25:19',110406,404,1,1,0,1,10,0,-1,'(Return code of 255 is out of bounds)','(Return code of 255 is out of bounds)');
INSERT INTO icinga_statehistory VALUES (1013,2,'2010-06-11 00:25:19',114406,431,1,1,0,1,10,0,-1,'(Return code of 255 is out of bounds)','(Return code of 255 is out of bounds)');
INSERT INTO icinga_statehistory VALUES (1014,2,'2010-06-11 00:26:19',216873,428,1,0,0,2,10,0,-1,'check_alive.phpsh: OK (f1-fw is on)','check_alive.phpsh: OK (f1-fw is on)');
INSERT INTO icinga_statehistory VALUES (1015,2,'2010-06-11 00:26:29',1274,432,1,0,0,2,10,0,-1,'check_alive.phpsh: OK (f1-http is on)','check_alive.phpsh: OK (f1-http is on)');
INSERT INTO icinga_statehistory VALUES (1016,2,'2010-06-11 14:55:56',146805,412,1,1,0,1,10,0,-1,'PING CRITICAL - Packet loss = 100%','PING CRITICAL - Packet loss = 100%');
INSERT INTO icinga_statehistory VALUES (1017,2,'2010-06-11 14:57:16',110084,411,1,1,0,2,10,0,-1,'PING CRITICAL - Packet loss = 100%','PING CRITICAL - Packet loss = 100%');
INSERT INTO icinga_statehistory VALUES (1018,2,'2010-06-11 14:58:26',184941,413,1,1,0,3,10,0,-1,'PING CRITICAL - Packet loss = 100%','PING CRITICAL - Packet loss = 100%');
INSERT INTO icinga_statehistory VALUES (1019,2,'2010-06-11 14:59:46',152198,414,1,1,0,4,10,0,-1,'PING CRITICAL - Packet loss = 100%','PING CRITICAL - Packet loss = 100%');
INSERT INTO icinga_statehistory VALUES (1020,2,'2010-06-11 15:01:06',115457,320,1,1,0,5,10,0,-1,'PING CRITICAL - Packet loss = 100%','PING CRITICAL - Packet loss = 100%');
INSERT INTO icinga_statehistory VALUES (1021,2,'2010-06-11 15:02:16',234314,321,1,1,0,6,10,0,-1,'PING CRITICAL - Packet loss = 100%','PING CRITICAL - Packet loss = 100%');
INSERT INTO icinga_statehistory VALUES (1022,2,'2010-06-11 15:03:36',149571,322,1,1,0,7,10,0,-1,'PING CRITICAL - Packet loss = 100%','PING CRITICAL - Packet loss = 100%');
INSERT INTO icinga_statehistory VALUES (1023,2,'2010-06-11 15:04:46',28420, 323,1,1,0,8,10,0,-1,'CRITICAL - Host Unreachable (213.165.64.22)','CRITICAL - Host Unreachable (213.165.64.22)');
INSERT INTO icinga_statehistory VALUES (1024,2,'2010-06-11 15:05:56',159279,435,1,1,0,9,10,0,-1,'PING CRITICAL - Packet loss = 100%','PING CRITICAL - Packet loss = 100%');
INSERT INTO icinga_statehistory VALUES (1025,2,'2010-06-11 15:07:16',106538,425,1,1,1,10,10,0,-1,'PING CRITICAL - Packet loss = 100%','PING CRITICAL - Packet loss = 100%');
INSERT INTO icinga_timeperiod_timeranges VALUES (10145,2,25,0,0,86400);
INSERT INTO icinga_timeperiod_timeranges VALUES (10146,2,25,1,0,86400);
INSERT INTO icinga_timeperiod_timeranges VALUES (10147,2,25,2,0,86400);
INSERT INTO icinga_timeperiod_timeranges VALUES (10148,2,25,3,0,86400);
INSERT INTO icinga_timeperiod_timeranges VALUES (10149,2,25,4,0,86400);
INSERT INTO icinga_timeperiod_timeranges VALUES (10150,2,25,5,0,86400);
INSERT INTO icinga_timeperiod_timeranges VALUES (10151,2,25,6,0,86400);
INSERT INTO icinga_timeperiod_timeranges VALUES (10152,2,27,0,0,86400);
INSERT INTO icinga_timeperiod_timeranges VALUES (10153,2,27,1,61200,86400);
INSERT INTO icinga_timeperiod_timeranges VALUES (10154,2,27,1,0,32400);
INSERT INTO icinga_timeperiod_timeranges VALUES (10155,2,27,2,61200,86400);
INSERT INTO icinga_timeperiod_timeranges VALUES (10156,2,27,2,0,32400);
INSERT INTO icinga_timeperiod_timeranges VALUES (10157,2,27,3,61200,86400);
INSERT INTO icinga_timeperiod_timeranges VALUES (10158,2,27,3,0,32400);
INSERT INTO icinga_timeperiod_timeranges VALUES (10159,2,27,4,61200,86400);
INSERT INTO icinga_timeperiod_timeranges VALUES (10160,2,27,4,0,32400);
INSERT INTO icinga_timeperiod_timeranges VALUES (10161,2,27,5,61200,86400);
INSERT INTO icinga_timeperiod_timeranges VALUES (10162,2,27,5,0,32400);
INSERT INTO icinga_timeperiod_timeranges VALUES (10163,2,27,6,0,86400);
INSERT INTO icinga_timeperiod_timeranges VALUES (10164,2,28,1,32400,61200);
INSERT INTO icinga_timeperiod_timeranges VALUES (10165,2,28,2,32400,61200);
INSERT INTO icinga_timeperiod_timeranges VALUES (10166,2,28,3,32400,61200);
INSERT INTO icinga_timeperiod_timeranges VALUES (10167,2,28,4,32400,61200);
INSERT INTO icinga_timeperiod_timeranges VALUES (10168,2,28,5,32400,61200);
INSERT INTO icinga_timeperiods VALUES (1025,2,0,389,'24 Hours A Day, 7 Days A Week');
INSERT INTO icinga_timeperiods VALUES (1026,2,0,390,'No Time Is A Good Time');
INSERT INTO icinga_timeperiods VALUES (1027,2,0,391,'Non-Work Hours');
INSERT INTO icinga_timeperiods VALUES (1028,2,0,392,'\"Normal\" Working Hours');
